{
  "cols": 22,
  "data": {
    "0": [
      0.22225940227508545,
      0.44737327098846436,
      0.7321652173995972,
      0.27754533290863037,
      0.5602638721466064,
      0.04799520969390869,
      0.4334394931793213,
      0.20568227767944336,
      0.20094037055969238,
      0.011498570442199707,
      0.6299291849136353,
      0.48265528678894043,
      0.19564449787139893,
      0.1487506628036499,
      0.2351846694946289,
      0.3737605810165405,
      0.4465346336364746,
      0.9072606563568115,
      0.4128873348236084,
      0.6576271057128906,
      0.9736530780792236,
      0.8255487680435181
    ],
    "1": [
      0.8793660402297974,
      0.3199145793914795,
      0.08005726337432861,
      0.6271740198135376,
      0.2812696695327759,
      0.813918948173523,
      0.8658571243286133,
      0.1329512596130371,
      0.7992777824401855,
      0.9334131479263306,
      0.3743619918823242,
      0.5093039274215698,
      0.47889602184295654,
      0.035101890563964844,
      0.6017285585403442,
      0.1373196840286255,
      0.5091758966445923,
      0.19701874256134033,
      0.06615257263183594,
      0.815985918045044,
      0.5306605100631714,
      0.6598700284957886
    ],
    "2": [
      0.22255754470825195,
      0.31827521324157715,
      0.03860759735107422,
      0.017788290977478027,
      0.4932795763015747,
      0.9106574058532715,
      0.9713538885116577,
      0.19933617115020752,
      0.33326494693756104,
      0.08330380916595459,
      0.4170907735824585,
      0.47706449031829834,
      0.10057389736175537,
      0.7791554927825928,
      0.6015413999557495,
      0.8515851497650146,
      0.4479445219039917,
      0.2829921245574951,
      0.8796025514602661,
      0.067482590675354,
      0.35608792304992676,
      0.7656822204589844
    ],
    "3": [
      0.15376901626586914,
      0.7497363090515137,
      0.24196338653564453,
      0.6363478899002075,
      0.04275226593017578,
      0.8851768970489502,
      0.5082741975784302,
      0.6799345016479492,
      0.8585292100906372,
      0.2525583505630493,
      0.23147845268249512,
      0.19197118282318115,
      0.2345651388168335,
      0.966715931892395,
      0.44260358810424805,
      0.8296935558319092,
      0.47165191173553467,
      0.5181504487991333,
      0.5664737224578857,
      0.5320061445236206,
      0.8281887769699097,
      0.16600632667541504
    ],
    "4": [
      0.5832802057266235,
      0.9194687604904175,
      0.47010791301727295,
      0.9048662185668945,
      0.44214606285095215,
      0.3416786193847656,
      0.20530927181243896,
      0.8061444759368896,
      0.41557931900024414,
      0.8630063533782959,
      0.00856471061706543,
      0.6722805500030518,
      0.45732343196868896,
      0.34515202045440674,
      0.6961075067520142,
      0.4693986177444458,
      0.7576484680175781,
      0.16657233238220215,
      0.8760401010513306,
      0.46234130859375,
      0.1844724416732788,
      0.014421939849853516
    ],
    "5": [
      0.8392261266708374,
      0.20278847217559814,
      0.705551028251648,
      0.864485502243042,
      0.5061643123626709,
      0.6646466255187988,
      0.8341642618179321,
      0.1531301736831665,
      0.7960214614868164,
      0.6494448184967041,
      0.5226813554763794,
      0.012094855308532715,
      0.3264014720916748,
      0.890518307685852,
      0.8940601348876953,
      0.8324978351593018,
      0.17990386486053467,
      0.6074186563491821,
      0.7377493381500244,
      0.27080273628234863,
      0.9275335073471069,
      0.09809231758117676
    ],
    "6": [
      0.4485892057418823,
      0.7460911273956299,
      0.9332398176193237,
      0.5736433267593384,
      0.518608808517456,
      0.572433352470398,
      0.3170135021209717,
      0.6403137445449829,
      0.02693963050842285,
      0.7303386926651001,
      0.6284776926040649,
      0.7899173498153687,
      0.6857447624206543,
      0.5248808860778809,
      0.16266000270843506,
      0.7090167999267578,
      0.056374311447143555,
      0.21308302879333496,
      0.8436602354049683,
      0.8966168165206909,
      0.49882495403289795,
      0.380312442779541
    ],
    "7": [
      0.7886359691619873,
      0.7657541036605835,
      0.8295607566833496,
      0.2800929546356201,
      0.806576132774353,
      0.568061351776123,
      0.38976573944091797,
      0.17922484874725342,
      0.8396930694580078,
      0.4752976894378662,
      0.9368917942047119,
      0.5411468744277954,
      0.739607572555542,
      0.28069353103637695,
      0.9974467754364014,
      0.8271743059158325,
      0.09106218814849854,
      0.41545045375823975,
      0.16240310668945313,
      0.7490220069885254,
      0.9312112331390381,
      0.21518182754516602
    ]
  }
}
