{
  "cols": 22,
  "data": {
    "10": [
      0.6126126050949097,
      0.792792797088623,
      0.9639639854431152,
      0.3463480472564697,
      0.5684553384780884,
      0.8909090757369995,
      0.4586392641067505,
      0.0,
      0.0,
      0.3054155111312866,
      0.7727272510528564,
      0.9545454382896423,
      0.3515608310699463,
      0.04914414882659912,
      0.9078683853149414,
      0.4737114906311035,
      0.7374812364578247,
      0.306892991065979,
      0.43749821186065674,
      0.7417154312133789,
      0.8785046935081482,
      0.01121973991394043
    ],
    "3": [
      0.8515951633453369,
      0.4688607454299927,
      0.43012166023254395,
      0.9358389377593994,
      0.9827593564987183,
      0.739192008972168,
      0.579939603805542,
      0.5378557443618774,
      0.3486464023590088,
      0.42077040672302246,
      0.5890921354293823,
      0.6971585750579834,
      0.046830058097839355,
      0.7074044942855835,
      0.08909726142883301,
      0.6565650701522827,
      0.3564702272415161,
      0.4495452642440796,
      0.38250112533569336,
      0.7053908109664917,
      0.8187872171401978,
      0.6664506196975708
    ],
    "4": [
      0.8232698440551758,
      0.2432464361190796,
      0.7965736389160156,
      0.5671955347061157,
      0.6722463369369507,
      0.3264881372451782,
      0.8756880760192871,
      0.2472020387649536,
      0.8854750394821167,
      0.1321948766708374,
      0.15049898624420166,
      0.3276805877685547,
      0.27601051330566406,
      0.19603335857391357,
      0.5573525428771973,
      0.05792665481567383,
      0.2483738660812378,
      0.33407747745513916,
      0.4313250780105591,
      0.17369115352630615,
      0.9336287975311279,
      0.22852110862731934
    ],
    "5": [
      0.47025811672210693,
      0.06802904605865479,
      0.15926027297973633,
      0.08010447025299072,
      0.5978900194168091,
      0.9231935739517212,
      0.44986438751220703,
      0.6815776824951172,
      0.24673593044281006,
      0.5015095472335815,
      0.7555854320526123,
      0.27325236797332764,
      0.5424054861068726,
      0.19379544258117676,
      0.21658813953399658,
      0.06724345684051514,
      0.6738075017929077,
      0.6213654279708862,
      0.2280139923095703,
      0.4258512258529663,
      0.6928400993347168,
      0.709913969039917
    ],
    "7": [
      0.4475975036621094,
      0.5697768926620483,
      0.9978196620941162,
      0.5286197662353516,
      0.7951173782348633,
      0.45158302783966064,
      0.14858925342559814,
      0.16149699687957764,
      0.22687852382659912,
      0.2764761447906494,
      0.7527191638946533,
      0.5478286743164063,
      0.982972264289856,
      0.8764499425888062,
      0.2003180980682373,
      0.1834346055984497,
      0.5327192544937134,
      0.18116354942321777,
      0.07281184196472168,
      0.17793214321136475,
      0.9345794320106506,
      0.47257232666015625
    ],
    "8": [
      0.5934311151504517,
      0.6549340486526489,
      0.4930288791656494,
      0.5692964792251587,
      0.16515874862670898,
      0.09736812114715576,
      0.08796226978302002,
      0.5594457387924194,
      0.8616198301315308,
      0.6342591047286987,
      0.26764702796936035,
      0.1653963327407837,
      0.10351800918579102,
      0.20205092430114746,
      0.624179482460022,
      0.2535426616668701,
      0.7750029563903809,
      0.35176777839660645,
      0.23979485034942627,
      0.06317746639251709,
      0.5887850522994995,
      0.94580078125
    ],
    "9": [
      0.5330013036727905,
      0.6454598903656006,
      0.2050304412841797,
      0.06525290012359619,
      0.14614617824554443,
      0.8894643783569336,
      0.637266993522644,
      0.9709899425506592,
      0.07833898067474365,
      0.08809232711791992,
      0.11720824241638184,
      0.5682860612869263,
      0.33078598976135254,
      0.623520016670227,
      0.6162395477294922,
      0.9853388071060181,
      0.6999680995941162,
      0.4547363519668579,
      0.6602054834365845,
      0.031034231185913086,
      1.0,
      0.021334290504455566
    ]
  }
}
