{
  "cols": 22,
  "data": {
    "0": [
      0.4883691072463989,
      0.050789833068847656,
      0.2700495719909668,
      0.9397910833358765,
      0.20301473140716553,
      0.2914849519729614,
      0.9430104494094849,
      0.35092592239379883,
      0.8794989585876465,
      0.5335077047348022,
      0.010054349899291992,
      0.3111461400985718,
      0.7598639726638794,
      0.07540631294250488,
      0.4740161895751953,
      0.5224525928497314,
      0.19208860397338867,
      0.20499014854431152,
      0.41988587379455566,
      0.869213342666626,
      0.9679616689682007,
      0.7316803932189941
    ],
    "10": [
      0.6847491264343262,
      0.865481972694397,
      0.033510446548461914,
      0.040447115898132324,
      0.233251690864563,
      0.46449220180511475,
      0.23310625553131104,
      0.7545490264892578,
      0.0031936168670654297,
      0.40504181385040283,
      0.7899483442306519,
      0.8948631286621094,
      0.18652844429016113,
      0.7149233818054199,
      0.3725402355194092,
      0.6051051616668701,
      0.8224730491638184,
      0.030420899391174316,
      0.9261780977249146,
      0.48483216762542725,
      0.9626168012619019,
      0.22309505939483643
    ],
    "4": [
      0.713921070098877,
      0.36502575874328613,
      0.1334894895553589,
      0.4480173587799072,
      0.48174214363098145,
      0.32916808128356934,
      0.201820969581604,
      0.7887485027313232,
      0.04329514503479004,
      0.5562151670455933,
      0.7700450420379639,
      0.9409147500991821,
      0.18508529663085938,
      0.9283738136291504,
      0.5936437845230103,
      0.5005142688751221,
      0.7130223512649536,
      0.7210314273834229,
      0.23149502277374268,
      0.3551640510559082,
      0.6177271604537964,
      0.3666822910308838
    ],
    "6": [
      0.677929162979126,
      0.9432113170623779,
      0.24914777278900146,
      0.9926143884658813,
      0.44549548625946045,
      0.7831499576568604,
      0.36083972454071045,
      0.18850088119506836,
      0.9579640626907349,
      0.40214455127716064,
      0.9512108564376831,
      0.8657376766204834,
      0.3619157075881958,
      0.16533756256103516,
      0.4706113338470459,
      0.6861389875411987,
      0.009977221488952637,
      0.5492368936538696,
      0.27589356899261475,
      0.8350017070770264,
      0.796842098236084,
      0.40782392024993896
    ],
    "7": [
      0.9759161472320557,
      0.7863800525665283,
      0.47450315952301025,
      0.8866336345672607,
      0.8363907337188721,
      0.0011746883392333984,
      0.5754265785217285,
      0.6623290777206421,
      0.3100477457046509,
      0.34552860260009766,
      0.46528494358062744,
      0.016179680824279785,
      0.5093687772750854,
      0.4095451831817627,
      0.8229978084564209,
      0.23980116844177246,
      0.4060920476913452,
      0.15717601776123047,
      0.9608608484268188,
      0.9179021120071411,
      0.8598130941390991,
      0.007356405258178711
    ],
    "8": [
      0.8240863084793091,
      0.7805911302566528,
      0.8267240524291992,
      0.8142086267471313,
      0.5986313819885254,
      0.3279463052749634,
      0.9454545378684998,
      0.0181818176060915,
      0.2589445114135742,
      0.6090909242630005,
      0.5023897886276245,
      0.38181817531585693,
      0.20554673671722412,
      0.7433435916900635,
      0.4166666567325592,
      0.9778304100036621,
      0.07552826404571533,
      0.5789700746536255,
      0.27456867694854736,
      0.746727705001831,
      0.8317757248878479,
      0.3669724762439728
    ],
    "9": [
      0.8881418704986572,
      0.45864391326904297,
      0.8141077756881714,
      0.4527122974395752,
      0.8920810222625732,
      0.03081822395324707,
      0.37767136096954346,
      0.9544863700866699,
      0.9847264289855957,
      0.12955927848815918,
      0.3305782079696655,
      0.9472781419754028,
      0.48893868923187256,
      0.5463840961456299,
      0.3907526731491089,
      0.7650536298751831,
      0.8102171421051025,
      0.43774235248565674,
      0.9070090055465698,
      0.15854346752166748,
      0.8504672646522522,
      0.2891005277633667
    ]
  }
}
