{
  "cols": 22,
  "data": {
    "0": [
      0.32656431198120117,
      0.11041712760925293,
      0.7512842416763306,
      0.26257002353668213,
      0.610480785369873,
      0.8909574747085571,
      0.6156752109527588,
      0.29161131381988525,
      0.9314777851104736,
      0.20806217193603516,
      0.09444272518157959,
      0.0014371871948242188,
      0.8366700410842896,
      0.664497971534729,
      0.18438518047332764,
      0.6366590261459351,
      0.0890648365020752,
      0.9879493713378906,
      0.15438437461853027,
      0.9884558916091919,
      0.952733039855957,
      0.39886724948883057
    ],
    "10": [
      0.8414105176925659,
      0.20264267921447754,
      0.47906601428985596,
      0.6926618814468384,
      0.9771180152893066,
      0.8224591016769409,
      0.711279034614563,
      0.08508765697479248,
      0.8567177057266235,
      0.7421714067459106,
      0.711601734161377,
      0.26129114627838135,
      0.6148574352264404,
      0.1367098093032837,
      0.28866779804229736,
      0.9272313117980957,
      0.5780742168426514,
      0.10073363780975342,
      0.08002281188964844,
      0.3856236934661865,
      0.8971962332725525,
      0.0
    ],
    "3": [
      0.4005511999130249,
      0.15782809257507324,
      0.22587084770202637,
      0.6293085813522339,
      0.41165149211883545,
      0.7867498397827148,
      0.316012978553772,
      0.5594717264175415,
      0.24877524375915527,
      0.06732523441314697,
      0.5589830875396729,
      0.02459859848022461,
      0.015194177627563477,
      0.9726954698562622,
      0.34242939949035645,
      0.8222717046737671,
      0.4388531446456909,
      0.8627456426620483,
      0.10670554637908936,
      0.9006437063217163,
      0.5170865058898926,
      0.7168205976486206
    ],
    "8": [
      0.7278796434402466,
      0.012373566627502441,
      0.8619807958602905,
      0.7080310583114624,
      0.5327407121658325,
      0.23898053169250488,
      0.17924952507019043,
      0.1295233964920044,
      0.39967823028564453,
      0.11327266693115234,
      0.4342339038848877,
      0.3718501329421997,
      0.910859227180481,
      0.42428267002105713,
      0.2825169563293457,
      0.9917608499526978,
      0.16559410095214844,
      0.9858623743057251,
      0.4165431261062622,
      0.9882900714874268,
      0.9345794320106506,
      0.4867978096008301
    ],
    "9": [
      0.7876545190811157,
      0.19559764862060547,
      0.905410885810852,
      0.937947154045105,
      0.8204659223556519,
      0.6962119340896606,
      0.1727544069290161,
      0.47363924980163574,
      0.2599508762359619,
      0.51868736743927,
      0.47379231452941895,
      0.7991753816604614,
      0.3739720582962036,
      0.06859171390533447,
      0.9105206727981567,
      0.30719709396362305,
      0.8010573387145996,
      0.1827636957168579,
      0.7149120569229126,
      0.9591405391693115,
      0.7476635575294495,
      0.12923121452331543
    ]
  }
}
