{
  "cols": 22,
  "data": {
    "10": [
      0.9369369149208069,
      0.045045044273138046,
      0.6756756901741028,
      0.09909909963607788,
      0.9636363387107849,
      1.0,
      0.290909081697464,
      0.7570685148239136,
      0.8090909123420715,
      0.6426582336425781,
      1.0,
      0.9090909361839294,
      0.6117594242095947,
      0.787476658821106,
      0.6203703880310059,
      0.813884973526001,
      0.03343689441680908,
      0.5999622344970703,
      0.2946428656578064,
      0.04945385456085205,
      0.9065420627593994,
      0.29357796907424927
    ],
    "2": [
      0.7952886819839478,
      0.0896221399307251,
      0.29099929332733154,
      0.830991268157959,
      0.8547226190567017,
      0.12135589122772217,
      0.7330273389816284,
      0.5589957237243652,
      0.4129737615585327,
      0.4669538736343384,
      0.2295917272567749,
      0.05933547019958496,
      0.8499298095703125,
      0.8364222049713135,
      0.0048056840896606445,
      0.7128429412841797,
      0.3568696975708008,
      0.7700952291488647,
      0.49656617641448975,
      0.10759234428405762,
      0.8377811908721924,
      0.7089908123016357
    ],
    "3": [
      0.9128810167312622,
      0.8252003192901611,
      0.5542174577713013,
      0.6553760766983032,
      0.9843782186508179,
      0.7807782888412476,
      0.96445631980896,
      0.049256324768066406,
      0.429984450340271,
      0.7449321746826172,
      0.07658100128173828,
      0.20792162418365479,
      0.17950618267059326,
      0.8813464641571045,
      0.03202497959136963,
      0.23559367656707764,
      0.13828766345977783,
      0.7854673862457275,
      0.9701799154281616,
      0.4223893880844116,
      0.9978282451629639,
      0.026237845420837402
    ],
    "4": [
      0.3482905626296997,
      0.5050958395004272,
      0.1587963104248047,
      0.9713748693466187,
      0.8561062812805176,
      0.3851451873779297,
      0.39974725246429443,
      0.824042797088623,
      0.25450170040130615,
      0.8897604942321777,
      0.3834662437438965,
      0.7168841361999512,
      0.7167257070541382,
      0.1306626796722412,
      0.8527418375015259,
      0.49223434925079346,
      0.9341949224472046,
      0.5842570066452026,
      0.01821422576904297,
      0.0156705379486084,
      0.7541667222976685,
      0.1028221845626831
    ],
    "5": [
      0.6894446611404419,
      0.47654104232788086,
      0.3974766731262207,
      0.294771671295166,
      0.38400161266326904,
      0.7233773469924927,
      0.7968472242355347,
      0.6831727027893066,
      0.5640180110931396,
      0.27009379863739014,
      0.48690271377563477,
      0.8245605230331421,
      0.7184426784515381,
      0.821244478225708,
      0.8887813091278076,
      0.05843460559844971,
      0.5572220087051392,
      0.5250074863433838,
      0.161948561668396,
      0.3700737953186035,
      0.8671729564666748,
      0.03700816631317139
    ],
    "7": [
      0.2301490306854248,
      0.9362653493881226,
      0.5391181707382202,
      0.10051226615905762,
      0.9506142139434814,
      0.9459000825881958,
      0.5019657611846924,
      0.6472488641738892,
      0.39786505699157715,
      0.6696879863739014,
      0.9894744157791138,
      0.5314644575119019,
      0.6450755596160889,
      0.14574694633483887,
      0.11204338073730469,
      0.7520805597305298,
      0.946304440498352,
      0.751542329788208,
      0.40007996559143066,
      0.22525787353515625,
      0.8742296695709229,
      0.06610727310180664
    ],
    "8": [
      0.07207207381725311,
      0.05676448345184326,
      0.6456092596054077,
      0.38332927227020264,
      0.057379722595214844,
      0.8710188865661621,
      0.38564956188201904,
      0.7701424360275269,
      0.3129481077194214,
      0.03178822994232178,
      0.23296618461608887,
      0.27277183532714844,
      0.26869046688079834,
      0.10864889621734619,
      0.8672806024551392,
      0.5683592557907104,
      0.738103985786438,
      0.7420487403869629,
      0.798743724822998,
      0.15303122997283936,
      1.0,
      0.7196415662765503
    ],
    "9": [
      0.20720720291137695,
      0.630630612373352,
      0.9369369149208069,
      0.36036035418510437,
      0.7454545497894287,
      0.6090909242630005,
      0.5090909004211426,
      0.7909091114997864,
      0.5720990896224976,
      0.10000000149011612,
      0.41818180680274963,
      0.9295798540115356,
      0.6727621555328369,
      0.5931885242462158,
      0.3888888955116272,
      0.28037384152412415,
      0.2410714328289032,
      0.15467119216918945,
      0.2946428656578064,
      0.3082122802734375,
      1.0,
      0.0
    ]
  }
}
