{
  "cols": 22,
  "data": {
    "0": [
      0.16562938690185547,
      0.22581827640533447,
      0.7031303644180298,
      0.49204492568969727,
      0.7296452522277832,
      0.17052483558654785,
      0.6807173490524292,
      0.5595153570175171,
      0.4441179037094116,
      0.36125433444976807,
      0.5877010822296143,
      0.539186954498291,
      0.9105092287063599,
      0.6362351179122925,
      0.19212424755096436,
      0.8822423219680786,
      0.37889230251312256,
      0.43025004863739014,
      0.4117770195007324,
      0.736423134803772,
      0.7389851808547974,
      0.6128836870193481
    ],
    "1": [
      0.30466949939727783,
      0.24826836585998535,
      0.13427722454071045,
      0.05225515365600586,
      0.6000275611877441,
      0.38834667205810547,
      0.35650718212127686,
      0.9159729480743408,
      0.3600353002548218,
      0.974696159362793,
      0.24969911575317383,
      0.3909991979598999,
      0.3493020534515381,
      0.9051259756088257,
      0.7581828832626343,
      0.521772027015686,
      0.5599149465560913,
      0.4906824827194214,
      0.3714747428894043,
      0.2740895748138428,
      0.8418611288070679,
      0.6634355783462524
    ],
    "3": [
      0.541377067565918,
      0.49747395515441895,
      0.5621803998947144,
      0.7859926223754883,
      0.9059051275253296,
      0.2947404384613037,
      0.9735080003738403,
      0.8008987903594971,
      0.2756704092025757,
      0.4800013303756714,
      0.32201266288757324,
      0.6294059753417969,
      0.974433183670044,
      0.8869209289550781,
      0.9946774244308472,
      0.03675496578216553,
      0.4659759998321533,
      0.463875412940979,
      0.7480486631393433,
      0.8009355068206787,
      0.6024050712585449,
      0.7359098196029663
    ],
    "5": [
      0.5848368406295776,
      0.30979931354522705,
      0.09079873561859131,
      0.682546854019165,
      0.7960083484649658,
      0.7446020841598511,
      0.1878281831741333,
      0.1466583013534546,
      0.3379555940628052,
      0.3083937168121338,
      0.4923076629638672,
      0.9647572040557861,
      0.5747721195220947,
      0.022583842277526855,
      0.7706388235092163,
      0.5814850330352783,
      0.5179067850112915,
      0.45417094230651855,
      0.12509286403656006,
      0.7281712293624878,
      0.39318931102752686,
      0.05525636672973633
    ],
    "6": [
      0.710623025894165,
      0.09200608730316162,
      0.3089066743850708,
      0.7443568706512451,
      0.10274827480316162,
      0.5928436517715454,
      0.9586529731750488,
      0.850924015045166,
      0.2557792663574219,
      0.46031665802001953,
      0.3090403079986572,
      0.0842139720916748,
      0.328344464302063,
      0.44037675857543945,
      0.8273098468780518,
      0.3128308057785034,
      0.7142159938812256,
      0.6913063526153564,
      0.8737105131149292,
      0.01290595531463623,
      0.98046875,
      0.24010396003723145
    ],
    "7": [
      0.05772233009338379,
      0.6766418218612671,
      0.9623149633407593,
      0.894636869430542,
      0.4247223138809204,
      0.6602306365966797,
      0.7818320989608765,
      0.7911485433578491,
      0.952093243598938,
      0.1792222261428833,
      0.027846217155456543,
      0.8302571773529053,
      0.8763436079025269,
      0.940622091293335,
      0.17884135246276855,
      0.37010836601257324,
      0.9364767074584961,
      0.636674165725708,
      0.21639502048492432,
      0.4369492530822754,
      0.5420560836791992,
      0.20183485746383667
    ],
    "8": [
      0.48535335063934326,
      0.6160175800323486,
      0.605889081954956,
      0.39203178882598877,
      0.4493206739425659,
      0.6118749380111694,
      0.25316035747528076,
      0.7192308902740479,
      0.44751203060150146,
      0.9023268222808838,
      0.21441268920898438,
      0.1838221549987793,
      0.2698129415512085,
      0.7554504871368408,
      0.12435436248779297,
      0.563136100769043,
      0.023726582527160645,
      0.18204867839813232,
      0.8092021942138672,
      0.9989663362503052,
      1.0,
      0.46864843368530273
    ],
    "9": [
      0.7637957334518433,
      0.3165179491043091,
      0.5569357872009277,
      0.15719664096832275,
      0.5541924238204956,
      0.6895540952682495,
      0.6166293621063232,
      0.246451735496521,
      0.918604850769043,
      0.6382104158401489,
      0.827960729598999,
      0.494601845741272,
      0.917971134185791,
      0.07694971561431885,
      0.6897614002227783,
      0.11287319660186768,
      0.17988300323486328,
      0.10814809799194336,
      0.3388352394104004,
      0.9482988119125366,
      0.7383177280426025,
      0.8256880640983582
    ]
  }
}
