{
  "cols": 22,
  "data": {
    "0": [
      0.5942881107330322,
      0.20232224464416504,
      0.3509540557861328,
      0.6703981161117554,
      0.02660346031188965,
      0.642387866973877,
      0.1158064603805542,
      0.6117019653320313,
      0.5524847507476807,
      0.5949928760528564,
      0.5065571069717407,
      0.020954012870788574,
      0.9644688367843628,
      0.026830554008483887,
      0.6959717273712158,
      0.36353909969329834,
      0.7655251026153564,
      0.8351854085922241,
      0.6679078340530396,
      0.40755414962768555,
      0.9168741703033447,
      0.36938297748565674
    ],
    "10": [
      0.7021284103393555,
      0.5301728248596191,
      0.6498024463653564,
      0.014040112495422363,
      0.6608352661132813,
      0.9122692346572876,
      0.035797953605651855,
      0.7758517265319824,
      0.007929086685180664,
      0.6648602485656738,
      0.4216729402542114,
      0.8541470766067505,
      0.5780144929885864,
      0.9116439819335938,
      0.26701247692108154,
      0.38870930671691895,
      0.5421674251556396,
      0.4557536840438843,
      0.0035265684127807617,
      0.30139124393463135,
      0.9626168012619019,
      0.5218018293380737
    ],
    "2": [
      0.23191523551940918,
      0.4800349473953247,
      0.9646110534667969,
      0.06685900688171387,
      0.5811492204666138,
      0.7057799100875854,
      0.441780686378479,
      0.8674155473709106,
      0.16007459163665771,
      0.6823807954788208,
      0.19935858249664307,
      0.6472539901733398,
      0.3016021251678467,
      0.505811333656311,
      0.38960134983062744,
      0.6021741628646851,
      0.49366021156311035,
      0.5101820230484009,
      0.42672455310821533,
      0.5251355171203613,
      0.6112195253372192,
      0.9706970453262329
    ],
    "3": [
      0.3723576068878174,
      0.3124656677246094,
      0.6313852071762085,
      0.12093174457550049,
      0.6408123970031738,
      0.9177489280700684,
      0.9604126214981079,
      0.10160636901855469,
      0.9062485694885254,
      0.051471829414367676,
      0.16955053806304932,
      0.8353908061981201,
      0.5496112108230591,
      0.6176583766937256,
      0.8863128423690796,
      0.00952911376953125,
      0.8514559268951416,
      0.06667709350585938,
      0.008284926414489746,
      0.5005404949188232,
      0.7572473287582397,
      0.9399330615997314
    ],
    "6": [
      0.9311565160751343,
      0.5051836967468262,
      0.6070351600646973,
      0.7294949293136597,
      0.6906307935714722,
      0.26198744773864746,
      0.24913573265075684,
      0.7370240688323975,
      0.4295717477798462,
      0.7185884714126587,
      0.3066951036453247,
      0.08742690086364746,
      0.853233814239502,
      0.563132643699646,
      0.5374771356582642,
      0.7959291934967041,
      0.9449703693389893,
      0.6851661205291748,
      0.6175588369369507,
      0.9295355081558228,
      0.6932525634765625,
      0.00038123130798339844
    ],
    "7": [
      0.07193291187286377,
      0.07063531875610352,
      0.11532723903656006,
      0.587153434753418,
      0.5185811519622803,
      0.7420268058776855,
      0.355410099029541,
      0.46330928802490234,
      0.1879054307937622,
      0.7711260318756104,
      0.5652519464492798,
      0.3898574113845825,
      0.4582326412200928,
      0.28748810291290283,
      0.016263127326965332,
      0.9818606376647949,
      0.5498576164245605,
      0.5544419288635254,
      0.4211963415145874,
      0.33818697929382324,
      0.7689838409423828,
      0.7480654716491699
    ],
    "8": [
      0.7491805553436279,
      0.5180914402008057,
      0.42791080474853516,
      0.8175290822982788,
      0.9387738704681396,
      0.27561450004577637,
      0.2785149812698364,
      0.1717085838317871,
      0.5188082456588745,
      0.19116783142089844,
      0.09935581684112549,
      0.6553367376327515,
      0.023267269134521484,
      0.8924140930175781,
      0.5455265045166016,
      0.7882083654403687,
      0.23257982730865479,
      0.6887476444244385,
      0.4809767007827759,
      0.9076733589172363,
      0.6074766516685486,
      0.792396068572998
    ],
    "9": [
      0.8539212942123413,
      0.814435601234436,
      0.7568292617797852,
      0.6909886598587036,
      0.16723763942718506,
      0.9206992387771606,
      0.551114559173584,
      0.24755871295928955,
      0.42041778564453125,
      0.686212420463562,
      0.8460614681243896,
      0.03710651397705078,
      0.663998007774353,
      0.1226954460144043,
      0.6763050556182861,
      0.8925358057022095,
      0.3049004077911377,
      0.6703957319259644,
      0.48512542247772217,
      0.8730181455612183,
      1.0,
      0.07511436939239502
    ]
  }
}
