{
  "cols": 22,
  "data": {
    "0": [
      0.6657220125198364,
      0.7086269855499268,
      0.1503450870513916,
      0.4906069040298462,
      0.12457513809204102,
      0.2548624277114868,
      0.9872971773147583,
      0.8558422327041626,
      0.8639289140701294,
      0.6095783710479736,
      0.6591860055923462,
      0.5520620346069336,
      0.0073479413986206055,
      0.24138176441192627,
      0.2681596279144287,
      0.3938237428665161,
      0.2568480968475342,
      0.9870141744613647,
      0.013181567192077637,
      0.22998642921447754,
      0.8452608585357666,
      0.9697352647781372
    ],
    "1": [
      0.9827713966369629,
      0.14584839344024658,
      0.8392592668533325,
      0.9474555253982544,
      0.49928903579711914,
      0.2760583162307739,
      0.8571515083312988,
      0.20649874210357666,
      0.7084085941314697,
      0.25164544582366943,
      0.9385416507720947,
      0.8378031253814697,
      0.7767895460128784,
      0.34349822998046875,
      0.35158073902130127,
      0.2580455541610718,
      0.9166189432144165,
      0.914710283279419,
      0.7436983585357666,
      0.4391428232192993,
      0.7182762622833252,
      0.44249463081359863
    ],
    "10": [
      0.4206998348236084,
      0.6915607452392578,
      0.577886700630188,
      1.0,
      1.0,
      0.699999988079071,
      0.6454545259475708,
      0.9909090995788574,
      0.7181817889213562,
      0.9909090995788574,
      0.00909090880304575,
      0.6000000238418579,
      0.5526981353759766,
      0.83492112159729,
      0.8710314035415649,
      0.9155771732330322,
      0.4285714328289032,
      0.5469377040863037,
      0.6092437505722046,
      0.10314774513244629,
      0.9158878326416016,
      0.5999648571014404
    ],
    "2": [
      0.18358087539672852,
      0.1827777624130249,
      0.7394891977310181,
      0.18850862979888916,
      0.23375749588012695,
      0.6312239170074463,
      0.448413610458374,
      0.722359299659729,
      0.6807221174240112,
      0.3324275016784668,
      0.5025138854980469,
      0.9397009611129761,
      0.4580310583114624,
      0.5924758911132813,
      0.8170857429504395,
      0.1695387363433838,
      0.956576943397522,
      0.8432590961456299,
      0.7830613851547241,
      0.9921478033065796,
      0.9188406467437744,
      0.6593879461288452
    ],
    "3": [
      0.7476017475128174,
      0.11050832271575928,
      0.7119686603546143,
      0.45855391025543213,
      0.02646458148956299,
      0.5934485197067261,
      0.827356219291687,
      0.09345805644989014,
      0.6571474075317383,
      0.5437296628952026,
      0.23092329502105713,
      0.4979003667831421,
      0.9370510578155518,
      0.47200334072113037,
      0.6190586090087891,
      0.8059486150741577,
      0.6919819116592407,
      0.3785121440887451,
      0.633882999420166,
      0.19970345497131348,
      0.8414419889450073,
      0.5636199712753296
    ],
    "7": [
      0.15159368515014648,
      0.8293429613113403,
      0.48707711696624756,
      0.5054618120193481,
      0.4017472267150879,
      0.8211256265640259,
      0.20260214805603027,
      0.21834218502044678,
      0.5468847751617432,
      0.19797027111053467,
      0.96782386302948,
      0.813927173614502,
      0.41446006298065186,
      0.21948814392089844,
      0.48109984397888184,
      0.16874456405639648,
      0.6413319110870361,
      0.9439026117324829,
      0.8345953226089478,
      0.4051358699798584,
      0.8971962332725525,
      0.0
    ],
    "8": [
      0.4324324429035187,
      0.36936935782432556,
      0.8288288116455078,
      0.6576576828956604,
      0.996373176574707,
      0.5668144226074219,
      0.20000000298023224,
      0.3272727131843567,
      0.0181818176060915,
      0.5090909004211426,
      0.040045857429504395,
      0.0,
      0.741126537322998,
      0.4236602783203125,
      0.0,
      0.0,
      0.6735137701034546,
      0.6240452527999878,
      0.360129714012146,
      0.4389694929122925,
      0.8971962332725525,
      0.03091275691986084
    ],
    "9": [
      0.3953235149383545,
      0.1818244457244873,
      0.3072446584701538,
      0.4311140775680542,
      0.4503856897354126,
      0.05375993251800537,
      0.6077516078948975,
      0.8003685474395752,
      0.9427671432495117,
      0.6510148048400879,
      0.8763662576675415,
      0.3219054937362671,
      0.07881152629852295,
      0.601594090461731,
      0.8468234539031982,
      0.33426153659820557,
      0.8018088340759277,
      0.06941235065460205,
      0.27771198749542236,
      0.4519519805908203,
      0.9078789949417114,
      0.7172948122024536
    ]
  }
}
