{
  "cols": 3,
  "data": {
    "0": [
      0.10903024673461914,
      0.7520445585250854,
      0.7212297916412354
    ],
    "1": [
      0.033513426780700684,
      0.6544023752212524,
      0.8145883083343506
    ],
    "2": [
      0.9665592908859253,
      0.09211266040802002,
      0.5419368743896484
    ],
    "3": [
      0.8480150699615479,
      0.7817044258117676,
      0.8260048627853394
    ]
  }
}
