{
  "cols": 3,
  "data": {
    "0": [
      0.46351563930511475,
      0.4828239679336548,
      0.5962226390838623
    ],
    "1": [
      0.6522430181503296,
      0.033377647399902344,
      0.67840576171875
    ],
    "2": [
      0.20859622955322266,
      0.10757768154144287,
      0.6755510568618774
    ],
    "3": [
      0.41068029403686523,
      0.7066975831985474,
      0.6570760011672974
    ]
  }
}
