{
  "cols": 3,
  "data": {
    "0": [
      0.5269508361816406,
      0.9347569942474365,
      0.5565316677093506
    ],
    "1": [
      0.18508148193359375,
      0.0659719705581665,
      0.8156601190567017
    ],
    "2": [
      0.6156983375549316,
      0.10322844982147217,
      0.6689906120300293
    ],
    "3": [
      0.08843719959259033,
      0.4390939474105835,
      0.2617061138153076
    ]
  }
}
