{
  "cols": 3,
  "data": {
    "0": [
      0.28733551502227783,
      0.06598317623138428,
      0.8901139497756958
    ],
    "1": [
      0.6824374198913574,
      0.4794703722000122,
      0.48827052116394043
    ],
    "2": [
      0.5773968696594238,
      0.5170880556106567,
      0.3637535572052002
    ],
    "3": [
      0.09440279006958008,
      0.2702302932739258,
      0.7741472721099854
    ]
  }
}
