{
  "cols": 3,
  "data": {
    "0": [
      0.003603065386414528,
      0.00214302446693182,
      0.017685340717434883
    ],
    "1": [
      0.0006738966330885887,
      0.007701480761170387,
      0.9941796660423279
    ],
    "2": [
      0.9934995770454407,
      0.006029346026480198,
      0.9950808882713318
    ],
    "3": [
      0.9938393235206604,
      0.007637344300746918,
      0.005055754445493221
    ],
    "4": [
      0.9968190789222717,
      0.9984320402145386,
      0.9976710677146912
    ],
    "5": [
      0.998827338218689,
      0.995669960975647,
      0.005951493978500366
    ],
    "6": [
      0.00027206074446439743,
      0.9932036995887756,
      0.9992899298667908
    ],
    "7": [
      0.006413083523511887,
      0.9944254159927368,
      0.0058799926191568375
    ]
  }
}
