{
  "cols": 3,
  "data": {
    "0": [
      0.00351096224039793,
      0.0055873095989227295,
      0.02068978361785412
    ],
    "1": [
      0.11517025530338287,
      0.0037460383027791977,
      0.99757981300354
    ],
    "2": [
      0.9966109395027161,
      0.0022807102650403976,
      0.9954462051391602
    ],
    "3": [
      0.9966109395027161,
      0.0038446513935923576,
      0.007376956753432751
    ],
    "4": [
      0.9978895783424377,
      0.9997364282608032,
      0.002262555994093418
    ],
    "5": [
      0.002109670080244541,
      0.9997583031654358,
      0.005219136364758015
    ],
    "6": [
      0.5072142481803894,
      0.5020089149475098,
      0.494222491979599
    ]
  }
}
