{
  "cols": 3,
  "data": {
    "0": [
      0.06617683172225952,
      0.004597333259880543,
      0.016494913026690483
    ],
    "1": [
      0.9931918382644653,
      0.0009700693190097809,
      0.9939506649971008
    ],
    "2": [
      0.9626262784004211,
      0.993930995464325,
      0.9935322999954224
    ],
    "3": [
      0.004341521300375462,
      0.9966403841972351,
      0.00401159655302763
    ],
    "4": [
      0.004341521300375462,
      0.603813886642456,
      0.48123934864997864
    ],
    "5": [
      0.9963222742080688,
      0.7747024297714233,
      0.5224284529685974
    ]
  }
}
