{
  "cols": 3,
  "data": {
    "0": [
      0.002951117232441902,
      0.0010885028168559074,
      0.001176641322672367
    ],
    "1": [
      0.0008303634822368622,
      0.0010885028168559074,
      0.9930356740951538
    ],
    "2": [
      0.9895492792129517,
      0.00694754533469677,
      0.9947624802589417
    ],
    "3": [
      0.9998802542686462,
      0.2536066472530365,
      0.0017637992277741432
    ],
    "4": [
      0.999768078327179,
      0.9981300830841064,
      0.9948090314865112
    ],
    "5": [
      1.0,
      0.99289870262146,
      0.0006894189864397049
    ],
    "6": [
      0.006621054373681545,
      0.9950631856918335,
      0.0016867807134985924
    ],
    "7": [
      0.004198326729238033,
      0.9950631856918335,
      0.993915319442749
    ]
  }
}
