{
  "cols": 55,
  "data": {
    "0": [
      0.2930736541748047,
      0.6134676933288574,
      0.4478427767753601,
      0.18635928630828857,
      0.0,
      0.0,
      0.7430985569953918,
      0.2948111891746521,
      0.4790892004966736,
      0.6772515773773193,
      0.5308762788772583,
      0.654854416847229,
      0.615161120891571,
      0.45304369926452637,
      0.3474765419960022,
      0.38426464796066284,
      0.8387608528137207,
      0.9691911935806274,
      0.2768394351005554,
      0.0653333067893982,
      0.41936665773391724,
      0.42567476630210876,
      0.45270591974258423,
      0.9920612573623657,
      0.07097488641738892,
      0.7148504853248596,
      0.9923317432403564,
      0.09421676397323608,
      0.3967638611793518,
      0.2959597706794739,
      0.2707924246788025,
      0.2686305046081543,
      0.22586315870285034,
      0.25903671979904175,
      0.2635970115661621,
      0.4579082131385803,
      0.3882507085800171,
      0.3182218670845032,
      0.3751773238182068,
      0.7531247138977051,
      0.11928260326385498,
      0.8796705007553101,
      0.8623403310775757,
      0.8304845094680786,
      0.30264830589294434,
      0.3094385862350464,
      0.933146595954895,
      0.7338693737983704,
      0.19201403856277466,
      0.9627389907836914,
      0.7285994291305542,
      0.5306059122085571,
      0.6787042021751404,
      0.06708985567092896,
      0.7214378118515015
    ],
    "1": [
      0.2930736541748047,
      0.1611039638519287,
      0.21490764617919922,
      0.6694480180740356,
      0.0,
      0.0,
      0.7430985569953918,
      0.2948111891746521,
      0.4790892004966736,
      0.6772515773773193,
      0.5308762788772583,
      0.654854416847229,
      0.615161120891571,
      0.45304369926452637,
      0.3474765419960022,
      0.38426464796066284,
      0.8387608528137207,
      0.9691911935806274,
      0.2768394351005554,
      0.0653333067893982,
      0.41936665773391724,
      0.42567476630210876,
      0.45270591974258423,
      0.9920612573623657,
      0.07097488641738892,
      0.7148504853248596,
      0.9923317432403564,
      0.09421676397323608,
      0.3967638611793518,
      0.2959597706794739,
      0.2707924246788025,
      0.713330090045929,
      0.28160274028778076,
      0.6337071657180786,
      0.8451117277145386,
      0.7033646106719971,
      0.3882507085800171,
      0.7711977958679199,
      0.3751773238182068,
      0.7531247138977051,
      0.11928260326385498,
      0.8796705007553101,
      0.8623403310775757,
      0.8304845094680786,
      0.30264830589294434,
      0.3094385862350464,
      0.933146595954895,
      0.7338693737983704,
      0.19201403856277466,
      0.9627389907836914,
      0.7285994291305542,
      0.5306059122085571,
      0.6787042021751404,
      0.06708985567092896,
      0.7214378118515015
    ],
    "2": [
      0.2930736541748047,
      0.1611039638519287,
      0.0,
      0.022408902645111084,
      0.0,
      0.0,
      0.7430985569953918,
      0.2948111891746521,
      0.4790892004966736,
      0.6772515773773193,
      0.5308762788772583,
      0.654854416847229,
      0.615161120891571,
      0.45304369926452637,
      0.3474765419960022,
      0.38426464796066284,
      0.8387608528137207,
      0.9691911935806274,
      0.2768394351005554,
      0.0653333067893982,
      0.41936665773391724,
      0.42567476630210876,
      0.45270591974258423,
      0.9920612573623657,
      0.07097488641738892,
      0.7148504853248596,
      0.9923317432403564,
      0.09421676397323608,
      0.3967638611793518,
      0.2959597706794739,
      0.2707924246788025,
      0.713330090045929,
      0.28160274028778076,
      0.6337071657180786,
      0.8451117277145386,
      0.7033646106719971,
      0.3882507085800171,
      0.7711977958679199,
      0.3751773238182068,
      0.7531247138977051,
      0.11928260326385498,
      0.8796705007553101,
      0.8623403310775757,
      0.8304845094680786,
      0.30264830589294434,
      0.3094385862350464,
      0.933146595954895,
      0.7338693737983704,
      0.19201403856277466,
      0.9627389907836914,
      0.7285994291305542,
      0.5306059122085571,
      0.6787042021751404,
      0.06708985567092896,
      0.7214378118515015
    ],
    "3": [
      0.0,
      0.41820621490478516,
      0.0,
      0.022408902645111084,
      0.0,
      0.0,
      0.7430985569953918,
      0.2948111891746521,
      0.4790892004966736,
      0.6772515773773193,
      0.5308762788772583,
      0.654854416847229,
      0.615161120891571,
      0.45304369926452637,
      0.3474765419960022,
      0.38426464796066284,
      0.8387608528137207,
      0.9691911935806274,
      0.2768394351005554,
      0.0653333067893982,
      0.15110474824905396,
      0.42567476630210876,
      0.07208961248397827,
      0.9920612573623657,
      0.07097488641738892,
      0.7148504853248596,
      0.9923317432403564,
      0.09421676397323608,
      0.3967638611793518,
      0.2959597706794739,
      0.2707924246788025,
      0.713330090045929,
      0.28160274028778076,
      0.6337071657180786,
      0.8451117277145386,
      0.7033646106719971,
      0.3882507085800171,
      0.7711977958679199,
      0.3751773238182068,
      0.7531247138977051,
      0.11928260326385498,
      0.8796705007553101,
      0.8623403310775757,
      0.8304845094680786,
      0.30264830589294434,
      0.3094385862350464,
      0.933146595954895,
      0.7338693737983704,
      0.19201403856277466,
      0.9627389907836914,
      0.7285994291305542,
      0.5306059122085571,
      0.6787042021751404,
      0.06708985567092896,
      0.7214378118515015
    ],
    "4": [
      0.0,
      0.41820621490478516,
      0.6058212518692017,
      0.022408902645111084,
      0.0,
      0.0,
      0.7430985569953918,
      0.616715133190155,
      0.4790892004966736,
      0.6772515773773193,
      0.5308762788772583,
      0.654854416847229,
      0.615161120891571,
      0.45304369926452637,
      0.3474765419960022,
      0.38426464796066284,
      0.8387608528137207,
      0.9691911935806274,
      0.2768394351005554,
      0.0653333067893982,
      0.15110474824905396,
      0.42567476630210876,
      0.07208961248397827,
      0.0,
      0.9826024174690247,
      0.7148504853248596,
      0.9923317432403564,
      0.638470470905304,
      0.5714139938354492,
      0.682690441608429,
      0.7314032316207886,
      0.713330090045929,
      0.28160274028778076,
      0.6337071657180786,
      0.8451117277145386,
      0.7033646106719971,
      0.3882507085800171,
      0.7711977958679199,
      0.3751773238182068,
      0.7531247138977051,
      0.11928260326385498,
      0.8796705007553101,
      0.8623403310775757,
      0.8304845094680786,
      0.30264830589294434,
      0.3094385862350464,
      0.933146595954895,
      0.7338693737983704,
      0.19201403856277466,
      0.9627389907836914,
      0.7285994291305542,
      0.5306059122085571,
      0.6787042021751404,
      0.06708985567092896,
      0.7214378118515015
    ],