{
  "cols": 55,
  "data": {
    "0": [
      0.38849592208862305,
      0.8975216150283813,
      0.35519731044769287,
      0.39001190662384033,
      0.1633387804031372,
      0.811475396156311,
      0.875727653503418,
      0.051589250564575195,
      0.7500933408737183,
      0.27863264083862305,
      0.8803672790527344,
      0.5262961387634277,
      0.016690492630004883,
      0.7660068273544312,
      0.6357548236846924,
      0.3508131504058838,
      0.9839328527450562,
      0.6255980730056763,
      0.7507932186126709,
      0.5226409435272217,
      0.62343430519104,
      0.701378583908081,
      0.6766769886016846,
      0.963268518447876,
      0.7562073469161987,
      0.8193989992141724,
      0.735586404800415,
      0.9333654642105103,
      0.43992745876312256,
      0.5633419752120972,
      0.33859550952911377,
      0.9581843614578247,
      0.09758758544921875,
      0.734554648399353,
      0.6969748735427856,
      0.769665002822876,
      0.5849614143371582,
      0.8966608047485352,
      0.6001168489456177,
      0.02856004238128662,
      0.3743551969528198,
      0.13292992115020752,
      0.9301844835281372,
      0.5726803541183472,
      0.8005186319351196,
      0.005161285400390625,
      0.16716396808624268,
      0.42274951934814453,
      0.1798686981201172,
      0.4710625410079956,
      0.695914626121521,
      0.030936479568481445,
      0.38834476470947266,
      0.4791606664657593,
      0.6992135047912598
    ],
    "1": [
      0.26928770542144775,
      0.6345812082290649,
      0.2239844799041748,
      0.5263048410415649,
      0.8582401275634766,
      0.5525054931640625,
      0.7240468263626099,
      0.7583823204040527,
      0.8675578832626343,
      0.680707573890686,
      0.20013797283172607,
      0.4111379384994507,
      0.08332812786102295,
      0.5751506090164185,
      0.5153895616531372,
      0.9673264026641846,
      0.8492871522903442,
      0.45980870723724365,
      0.13199234008789063,
      0.3255329132080078,
      0.4729076623916626,
      0.852952241897583,
      0.7654943466186523,
      0.9131568670272827,
      0.48606300354003906,
      0.9994993209838867,
      0.8179073333740234,
      0.16941440105438232,
      0.9367444515228271,
      0.25323402881622314,
      0.6629543304443359,
      0.7255021333694458,
      0.48778533935546875,
      0.8369088172912598,
      0.8212887048721313,
      0.5671627521514893,
      0.033918142318725586,
      0.8246549367904663,
      0.1997901201248169,
      0.17312586307525635,
      0.38674211502075195,
      0.5157512426376343,
      0.6491837501525879,
      0.8888049125671387,
      0.6434342861175537,
      0.5404129028320313,
      0.3964412212371826,
      0.6111549139022827,
      0.33229589462280273,
      0.286767840385437,
      0.008936405181884766,
      0.172454833984375,
      0.9062809944152832,
      0.6996904611587524,
      0.1784381866455078
    ],
    "2": [
      0.9779772758483887,
      0.6648080348968506,
      0.1192166805267334,
      0.16627120971679688,
      0.8428348302841187,
      0.24264633655548096,
      0.18325793743133545,
      0.9404648542404175,
      0.9004405736923218,
      0.6667159795761108,
      0.6699860095977783,
      0.6854360103607178,
      0.2121983766555786,
      0.7090736627578735,
      0.1447451114654541,
      0.24569976329803467,
      0.3315671682357788,
      0.44712090492248535,
      0.5045583248138428,
      0.6944539546966553,
      0.24431991577148438,
      0.2241758108139038,
      0.7541035413742065,
      0.686438798904419,
      0.8362009525299072,
      0.8272092342376709,
      0.24493956565856934,
      0.2226274013519287,
      0.1298511028289795,
      0.6695165634155273,
      0.3184558153152466,
      0.35217511653900146,
      0.9058623313903809,
      0.5994852781295776,
      0.5784913301467896,
      0.3251100778579712,
      0.03711354732513428,
      0.3332021236419678,
      0.5100497007369995,
      0.15205276012420654,
      0.15324711799621582,
      0.3154855966567993,
      0.32594823837280273,
      0.6379649639129639,
      0.10556435585021973,
      0.48421549797058105,
      0.995341420173645,
      0.9469600915908813,
      0.8408937454223633,
      0.4400749206542969,
      0.5598076581954956,
      0.2555328607559204,
      0.19706475734710693,
      0.017873167991638184,
      0.9029421806335449
    ],
    "3": [
      0.44473111629486084,
      0.31082284450531006,
      0.6157630681991577,
      0.7865639925003052,
      0.29308903217315674,
      0.9971437454223633,
      0.7153027057647705,
      0.2721914052963257,
      0.9570285081863403,
      0.5330736637115479,
      0.891555666923523,
      0.7102940082550049,
      0.42404067516326904,
      0.11597824096679688,
      0.363686203956604,
      0.5464016199111938,
      0.19266068935394287,
      0.11942410469055176,
      0.7546901702880859,
      0.18642842769622803,
      0.9652035236358643,
      0.0024341344833374023,
      0.8033246994018555,
      0.7548073530197144,
      0.34746885299682617,
      0.023140311241149902,
      0.7058987617492676,
      0.8033535480499268,
      0.4206770658493042,
      0.1658947467803955,
      0.48200035095214844,
      0.5331873893737793,
      0.34360289573669434,
      0.3408541679382324,
      0.7922835350036621,
      0.43946897983551025,
      0.4234110116958618,
      0.28417932987213135,
      0.3152211904525757,
      0.5284459590911865,
      0.8486014604568481,
      0.4453352689743042,
      0.03393685817718506,
      0.9316976070404053,
      0.34765541553497314,
      0.15971529483795166,
      0.3200172185897827,
      0.7254308462142944,
      0.24877715110778809,
      0.03637838363647461,
      0.14235615730285645,
      0.03067779541015625,
      0.520928144454956,
      0.9359484910964966,
      0.4006000757217407
    ]
  }
}
