{
  "cols": 55,
  "data": {
    "0": [
      0.24138545989990234,
      0.4352085590362549,
      0.8630911111831665,
      0.21628928184509277,
      0.0013047456741333008,
      0.8564608097076416,
      0.06051898002624512,
      0.8491992950439453,
      0.9616878032684326,
      0.41240394115448,
      0.8749440908432007,
      0.5692429542541504,
      0.7298910617828369,
      0.5395245552062988,
      0.36606132984161377,
      0.4077017307281494,
      0.026410818099975586,
      0.3738816976547241,
      0.38359153270721436,
      0.5343496799468994,
      0.9059300422668457,
      0.059300899505615234,
      0.5506829023361206,
      0.0827258825302124,
      0.296586275100708,
      0.0031908750534057617,
      0.7032889127731323,
      0.37746644020080566,
      0.8904602527618408,
      0.868777871131897,
      0.23944544792175293,
      0.07378697395324707,
      0.11393749713897705,
      0.30147409439086914,
      0.20969784259796143,
      0.2795053720474243,
      0.6930805444717407,
      0.8498038053512573,
      0.3029371500015259,
      0.2686694860458374,
      0.7051832675933838,
      0.2723963260650635,
      0.4215867519378662,
      0.1918109655380249,
      0.9446276426315308,
      0.2599632740020752,
      0.35416531562805176,
      0.0850750207901001,
      0.8791660070419312,
      0.8483039140701294,
      0.6356853246688843,
      0.3452181816101074,
      0.4509596824645996,
      0.2874075174331665,
      0.3621785640716553
    ],
    "1": [
      0.43640458583831787,
      0.8562991619110107,
      0.31199657917022705,
      0.37932920455932617,
      0.061130404472351074,
      0.5277847051620483,
      0.2548424005508423,
      0.8869447708129883,
      0.7969244718551636,
      0.6095854043960571,
      0.5704059600830078,
      0.5891424417495728,
      0.6519606113433838,
      0.3705134391784668,
      0.1360912322998047,
      0.29244697093963623,
      0.8769621849060059,
      0.5123783349990845,
      0.02901911735534668,
      0.3530179262161255,
      0.9051535129547119,
      0.27138781547546387,
      0.22404026985168457,
      0.6370596885681152,
      0.4398221969604492,
      0.12405943870544434,
      0.7573719024658203,
      0.8967887163162231,
      0.7254163026809692,
      0.3334299325942993,
      0.4740718603134155,
      0.7857438325881958,
      0.7219340801239014,
      0.9881495237350464,
      0.7329699993133545,
      0.40586888790130615,
      0.7731403112411499,
      0.5278123617172241,
      0.06687259674072266,
      0.5043504238128662,
      0.8010541200637817,
      0.9477664232254028,
      0.08405411243438721,
      0.18710708618164063,
      0.17118477821350098,
      0.5207141637802124,
      0.7994154691696167,
      0.8389977216720581,
      0.23127365112304688,
      0.09026896953582764,
      0.010903358459472656,
      0.26939868927001953,
      0.36248457431793213,
      0.43228304386138916,
      0.12057626247406006
    ],
    "2": [
      0.11135721206665039,
      0.5826183557510376,
      0.39535820484161377,
      0.21657156944274902,
      0.14231181144714355,
      0.3685957193374634,
      0.7054647207260132,
      0.5080883502960205,
      0.8885324001312256,
      0.6483901739120483,
      0.14285051822662354,
      0.4875093698501587,
      0.47744715213775635,
      0.7345229387283325,
      0.2863987684249878,
      0.07284414768218994,
      0.6666096448898315,
      0.23301994800567627,
      0.03245067596435547,
      0.4717695713043213,
      0.19003558158874512,
      0.7232062816619873,
      0.7798031568527222,
      0.4442429542541504,
      0.7590831518173218,
      0.06635534763336182,
      0.5384364128112793,
      0.4783848524093628,
      0.5156592130661011,
      0.25601279735565186,
      0.5422031879425049,
      0.5708240270614624,
      0.07989835739135742,
      0.000919342041015625,
      0.4791989326477051,
      0.0792926549911499,
      0.31044578552246094,
      0.6900453567504883,
      0.35448145866394043,
      0.7847830057144165,
      0.3708534240722656,
      0.45259273052215576,
      0.9737812280654907,
      0.6556298732757568,
      0.4016275405883789,
      0.0023069381713867188,
      0.0052373409271240234,
      0.03318512439727783,
      0.047505974769592285,
      0.6876136064529419,
      0.7528138160705566,
      0.16500139236450195,
      0.2239452600479126,
      0.5236098766326904,
      0.18756449222564697
    ],
    "3": [
      0.32514262199401855,
      0.6152956485748291,
      0.8686579465866089,
      0.21838176250457764,
      0.18523454666137695,
      0.42042970657348633,
      0.9406052827835083,
      0.16236817836761475,
      0.2807183265686035,
      0.13893592357635498,
      0.9442520141601563,
      0.5745550394058228,
      0.8432173728942871,
      0.7621608972549438,
      0.4196881055831909,
      0.9745171070098877,
      0.3002328872680664,
      0.6166722774505615,
      0.8408033847808838,
      0.6386216878890991,
      0.2883036136627197,
      0.2638489007949829,
      0.3134094476699829,
      0.8902931213378906,
      0.24292147159576416,
      0.1847604513168335,
      0.4157003164291382,
      0.44876039028167725,
      0.8554900884628296,
      0.3383517265319824,
      0.06670272350311279,
      0.7540242671966553,
      0.2505565881729126,
      0.681205153465271,
      0.4793795347213745,
      0.9001741409301758,
      0.0053479671478271484,
      0.3005141019821167,
      0.8954674005508423,
      0.5842540264129639,
      0.5576573610305786,
      0.6186257600784302,
      0.256139874458313,
      0.2176835536956787,
      0.266501784324646,
      0.35676276683807373,
      0.6394915580749512,
      0.7295960187911987,
      0.44442176818847656,
      0.9514533281326294,
      0.5859760046005249,
      0.6399377584457397,
      0.002332329750061035,
      0.6936957836151123,
      0.8375855684280396
    ]
  }
}
