{
  "cols": 55,
  "data": {
    "0": [
      0.38095104694366455,
      0.5369760990142822,
      0.0,
      0.0,
      0.057877957820892334,
      0.0,
      0.024551477283239365,
      0.5029727220535278,
      0.0,
      0.6581650972366333,
      0.7649820446968079,
      0.3013310432434082,
      0.48419028520584106,
      0.6630295515060425,
      0.5742179155349731,
      0.42517393827438354,
      0.9134181141853333,
      0.6618472337722778,
      0.5849604606628418,
      0.600601315498352,
      0.3980475068092346,
      0.2629891037940979,
      0.361394464969635,
      0.486183226108551,
      0.8143031001091003,
      0.23873388767242432,
      0.7051211595535278,
      0.37882596254348755,
      0.7852510213851929,
      0.8982164859771729,
      0.8325114846229553,
      0.5571243762969971,
      0.5222958326339722,
      0.5049997568130493,
      0.276265025138855,
      0.2519087791442871,
      0.26109713315963745,
      0.2714683413505554,
      0.5271265506744385,
      0.8761571049690247,
      0.6938046216964722,
      0.8550775051116943,
      0.8851767778396606,
      0.6644819974899292,
      0.0,
      0.9156137704849243,
      0.7106615304946899,
      0.24241620302200317,
      0.8717991709709167,
      0.7375854253768921,
      0.42297810316085815,
      0.824572741985321,
      0.7527195811271667,
      0.2773122787475586,
      0.47895413637161255
    ],
    "1": [
      0.0,
      0.03145056962966919,
      0.0,
      0.0,
      0.39507174491882324,
      0.0,
      1.0,
      0.5029727220535278,
      0.0,
      0.6581650972366333,
      0.7649820446968079,
      0.3013310432434082,
      0.48419028520584106,
      0.6630295515060425,
      0.5742179155349731,
      0.9137896299362183,
      0.16488760709762573,
      1.0,
      1.0,
      1.0,
      0.07462352514266968,
      0.807479202747345,
      0.9707114696502686,
      0.486183226108551,
      0.8143031001091003,
      0.23873388767242432,
      0.7051211595535278,
      0.37882596254348755,
      0.7852510213851929,
      0.8982164859771729,
      0.8325114846229553,
      0.9678062200546265,
      0.671035647392273,
      1.0,
      0.650192379951477,
      0.9143975377082825,
      0.5482399463653564,
      0.49182480573654175,
      0.5831700563430786,
      0.8761571049690247,
      0.6938046216964722,
      0.8550775051116943,
      0.8851767778396606,
      0.6644819974899292,
      0.0,
      0.9156137704849243,
      0.7106615304946899,
      0.24241620302200317,
      0.8717991709709167,
      0.7375854253768921,
      0.42297810316085815,
      0.824572741985321,
      0.7527195811271667,
      0.2773122787475586,
      0.47895413637161255
    ],
    "2": [
      0.0,
      0.13635092973709106,
      0.3321705460548401,
      0.0,
      0.39507174491882324,
      0.0,
      0.32231956720352173,
      0.529525101184845,
      0.6569151282310486,
      0.676744818687439,
      0.745760440826416,
      0.3624417185783386,
      0.058003008365631104,
      0.6630295515060425,
      0.5742179155349731,
      0.9238226413726807,
      0.35524630546569824,
      0.27967703342437744,
      0.6170191764831543,
      0.3341667056083679,
      0.07462352514266968,
      0.807479202747345,
      0.9707114696502686,
      0.486183226108551,
      0.8143031001091003,
      0.1872510313987732,
      0.7051211595535278,
      0.37882596254348755,
      0.7852510213851929,
      0.8982164859771729,
      0.8325114846229553,
      0.9678062200546265,
      0.671035647392273,
      1.0,
      0.650192379951477,
      0.9143975377082825,
      0.5482399463653564,
      0.49182480573654175,
      0.5831700563430786,
      0.8761571049690247,
      0.6938046216964722,
      0.8550775051116943,
      0.8851767778396606,
      0.6644819974899292,
      0.0,
      0.9156137704849243,
      0.7106615304946899,
      0.24241620302200317,
      0.8717991709709167,
      0.7375854253768921,
      0.42297810316085815,
      0.824572741985321,
      0.7527195811271667,
      0.2773122787475586,
      0.47895413637161255
    ],
    "3": [
      0.0,
      0.13635092973709106,
      0.3321705460548401,
      0.0,
      0.39507174491882324,
      0.0,
      0.32231956720352173,
      0.529525101184845,
      0.6569151282310486,
      0.676744818687439,
      0.745760440826416,
      0.3624417185783386,
      0.058003008365631104,
      0.6630295515060425,
      0.5742179155349731,
      0.9238226413726807,
      0.35524630546569824,
      0.27967703342437744,
      0.6170191764831543,
      0.3341667056083679,
      0.07462352514266968,
      0.807479202747345,
      0.9707114696502686,
      0.486183226108551,
      0.8143031001091003,
      0.1872510313987732,
      0.7051211595535278,
      0.37882596254348755,
      0.6484358906745911,
      0.3216337561607361,
      0.04209178686141968,
      0.9678062200546265,
      0.671035647392273,
      1.0,
      0.650192379951477,
      0.9143975377082825,
      0.5482399463653564,
      0.49182480573654175,
      0.5831700563430786,
      0.8761571049690247,
      0.6938046216964722,
      0.8550775051116943,
      0.8851767778396606,
      0.6644819974899292,
      0.0,
      0.9156137704849243,
      0.7106615304946899,
      0.24241620302200317,
      0.8717991709709167,
      0.7375854253768921,
      0.42297810316085815,
      0.824572741985321,
      0.7527195811271667,
      0.2773122787475586,
      0.47895413637161255
    ],
    "4": [
      0.0,
      0.13635092973709106,
      0.3321705460548401,
      0.16651785373687744,
      0.0,
      0.0,
      0.32231956720352173,
      0.529525101184845,
      0.6569151282310486,
      0.676744818687439,
      0.745760440826416,
      0.3624417185783386,
      0.058003008365631104,
      0.6630295515060425,
      0.5742179155349731,
      0.9238226413726807,
      0.35524630546569824,
      0.27967703342437744,
      0.6170191764831543,
      0.3341667056083679,
      0.07462352514266968,
      0.807479202747345,
      0.9707114696502686,
      0.486183226108551,
      0.8143031001091003,
      0.1872510313987732,
      0.7051211595535278,
      0.37882596254348755,
      0.6484358906745911,
      0.3216337561607361,
      0.04209178686141968,
      0.5170934200286865,
      0.550030529499054,
      1.0,
      0.650192379951477,
      0.9143975377082825,
      0.5482399463653564,
      0.49182480573654175,
      0.5831700563430786,
      0.8761571049690247,
      0.6938046216964722,
      0.8550775051116943,
      0.8851767778396606,
      0.6644819974899292,
      0.0,
      0.9156137704849243,
      0.7106615304946899,
      0.24241620302200317,
      0.8717991709709167,
      0.7375854253768921,
      0.42297810316085815,
      0.824572741985321,
      0.7527195811271667,
      0.2773122787475586,
      0.47895413637161255
    ],