{
  "cols": 55,
  "data": {
    "0": [
      0.9694521427154541,
      0.7147941589355469,
      0.3389599323272705,
      0.8783912658691406,
      0.9352431297302246,
      0.25198888778686523,
      0.9020696878433228,
      0.06714844703674316,
      0.9916863441467285,
      0.21886825561523438,
      0.30690109729766846,
      0.3861321210861206,
      0.15327191352844238,
      0.19988477230072021,
      0.6392291784286499,
      0.31873857975006104,
      0.028472304344177246,
      0.7944915294647217,
      0.34710848331451416,
      0.699309229850769,
      0.7681076526641846,
      0.7412314414978027,
      0.34966397285461426,
      0.5550999641418457,
      0.9078638553619385,
      0.1710660457611084,
      0.4509333372116089,
      0.6218525171279907,
      0.3303992748260498,
      0.4681357145309448,
      0.2932018041610718,
      0.1966325044631958,
      0.11777186393737793,
      0.4861125946044922,
      0.9496550559997559,
      0.6403346061706543,
      0.5135862827301025,
      0.8622456789016724,
      0.42446815967559814,
      0.11772072315216064,
      0.5337601900100708,
      0.31761443614959717,
      0.553601861000061,
      0.10847675800323486,
      0.7378115653991699,
      0.21923887729644775,
      0.6431059837341309,
      0.17398273944854736,
      0.5726897716522217,
      0.10897374153137207,
      0.3279162645339966,
      0.712464451789856,
      0.8778265714645386,
      0.6408102512359619,
      0.07963645458221436
    ],
    "1": [
      0.14395010471343994,
      0.19344699382781982,
      0.5200704336166382,
      0.528182864189148,
      0.2987539768218994,
      0.3593180179595947,
      0.9501285552978516,
      0.3166314363479614,
      0.6961579322814941,
      0.6388992071151733,
      0.1382235288619995,
      0.6961768865585327,
      0.649480938911438,
      0.5072348117828369,
      0.41322898864746094,
      0.9780492782592773,
      0.9822726249694824,
      0.8767386674880981,
      0.8284460306167603,
      0.5862778425216675,
      0.4914323091506958,
      0.4293532371520996,
      0.8393571376800537,
      0.19901561737060547,
      0.6130766868591309,
      0.8186550140380859,
      0.49643099308013916,
      0.08990514278411865,
      0.9801497459411621,
      0.8435766696929932,
      0.5601303577423096,
      0.6530145406723022,
      0.2533137798309326,
      0.5325020551681519,
      0.5645238161087036,
      0.3702099323272705,
      0.4523061513900757,
      0.3687635660171509,
      0.22870194911956787,
      0.195664644241333,
      0.8679267168045044,
      0.44244909286499023,
      0.6173862218856812,
      0.11984765529632568,
      0.05462348461151123,
      0.6571911573410034,
      0.4473615884780884,
      0.34629786014556885,
      0.040322065353393555,
      0.8888387680053711,
      0.6044151782989502,
      0.1709524393081665,
      0.518212080001831,
      0.2678868770599365,
      0.3727128505706787
    ],
    "2": [
      0.5610740184783936,
      0.7048834562301636,
      0.9564546346664429,
      0.9854356050491333,
      0.49248695373535156,
      0.8438220024108887,
      0.44014835357666016,
      0.08911359310150146,
      0.44455766677856445,
      0.11384284496307373,
      0.9577360153198242,
      0.9269700050354004,
      0.5766016244888306,
      0.2205028533935547,
      0.7607146501541138,
      0.6188383102416992,
      0.2512894868850708,
      0.24318599700927734,
      0.9766651391983032,
      0.5870168209075928,
      0.17151856422424316,
      0.2637457847595215,
      0.16041839122772217,
      0.75795578956604,
      0.6062616109848022,
      0.8111763000488281,
      0.6178861856460571,
      0.012571215629577637,
      0.37708890438079834,
      0.46621716022491455,
      0.9128109216690063,
      0.9709827899932861,
      0.2194594144821167,
      0.00987255573272705,
      0.9673058986663818,
      0.6597241163253784,
      0.12373459339141846,
      0.041057705879211426,
      0.2933626174926758,
      0.6542558670043945,
      0.6978442668914795,
      0.0399090051651001,
      0.3242316246032715,
      0.6894803047180176,
      0.5411334037780762,
      0.27544379234313965,
      0.6530113220214844,
      0.3733762502670288,
      0.2553001642227173,
      0.30919551849365234,
      0.37944352626800537,
      0.5154299736022949,
      0.8479374647140503,
      0.6556904315948486,
      0.46111130714416504
    ],
    "3": [
      0.8518056869506836,
      0.9433283805847168,
      0.42276954650878906,
      0.9138814210891724,
      0.3678243160247803,
      0.8133659362792969,
      0.9449694156646729,
      0.9202769994735718,
      0.13157987594604492,
      0.2659914493560791,
      0.11048543453216553,
      0.23472166061401367,
      0.1544879674911499,
      0.5187339782714844,
      0.9327880144119263,
      0.5998984575271606,
      0.37814414501190186,
      0.07780027389526367,
      0.3038163185119629,
      0.45806968212127686,
      0.615930438041687,
      0.18209922313690186,
      0.69687819480896,
      0.2592196464538574,
      0.23684585094451904,
      0.3928871154785156,
      0.585687518119812,
      0.3891470432281494,
      0.4477726221084595,
      0.014953136444091797,
      0.7173863649368286,
      0.17328619956970215,
      0.8071466684341431,
      0.7422953844070435,
      0.9921056032180786,
      0.31633591651916504,
      0.652285099029541,
      0.4649263620376587,
      0.726897120475769,
      0.006171107292175293,
      0.7861706018447876,
      0.0335695743560791,
      0.768677830696106,
      0.09917807579040527,
      0.4064826965332031,
      0.78721022605896,
      0.9685447216033936,
      0.41956615447998047,
      0.07603693008422852,
      0.6372412443161011,
      0.39739811420440674,
      0.4747222661972046,
      0.8812479972839355,
      0.15999174118041992,
      0.237679123878479
    ]
  }
}
