{
  "cols": 55,
  "data": {
    "0": [
      0.44788384437561035,
      0.890914797782898,
      0.5879584550857544,
      0.9942125082015991,
      0.949805498123169,
      0.4104565382003784,
      0.5964632034301758,
      0.30925869941711426,
      0.17118406295776367,
      0.9873144626617432,
      0.16733670234680176,
      0.9297311305999756,
      0.20227277278900146,
      0.6945059299468994,
      0.5376796722412109,
      0.863679051399231,
      0.25491535663604736,
      0.31226587295532227,
      0.14944040775299072,
      0.40319132804870605,
      0.2766280174255371,
      0.652866005897522,
      0.3646632432937622,
      0.2773406505584717,
      0.8056463003158569,
      0.44299983978271484,
      0.5488831996917725,
      0.4181089401245117,
      0.7985187768936157,
      0.651066780090332,
      0.5908892154693604,
      0.6922076940536499,
      0.4991344213485718,
      0.8329325914382935,
      0.44620656967163086,
      0.9289201498031616,
      0.3650681972503662,
      0.8514888286590576,
      0.7831991910934448,
      0.0450282096862793,
      0.05849313735961914,
      0.8412266969680786,
      0.348435640335083,
      0.7471283674240112,
      0.37990474700927734,
      0.7448254823684692,
      0.9955034255981445,
      0.8628888130187988,
      0.5920580625534058,
      0.8252977132797241,
      0.11960959434509277,
      0.5487749576568604,
      0.7310410737991333,
      0.8477957248687744,
      0.16635096073150635
    ],
    "1": [
      0.6018780469894409,
      0.5955134630203247,
      0.8267761468887329,
      0.2967756986618042,
      0.26727867126464844,
      0.3994706869125366,
      0.5509375333786011,
      0.6234731674194336,
      0.7697653770446777,
      0.7126829624176025,
      0.12097585201263428,
      0.17116522789001465,
      0.21589410305023193,
      0.979608416557312,
      0.6359021663665771,
      0.8410404920578003,
      0.5792759656906128,
      0.7559421062469482,
      0.16006338596343994,
      0.7500327825546265,
      0.7911772727966309,
      0.48685479164123535,
      0.4947394132614136,
      0.5692416429519653,
      0.7091662883758545,
      0.12096190452575684,
      0.4170726537704468,
      0.9291294813156128,
      0.6712504625320435,
      0.28880393505096436,
      0.052924513816833496,
      0.9493662118911743,
      0.06207275390625,
      0.5253313779830933,
      0.09095203876495361,
      0.6599276065826416,
      0.8978394269943237,
      0.1295328140258789,
      0.8727822303771973,
      0.8547087907791138,
      0.0727776288986206,
      0.07126152515411377,
      0.3657902479171753,
      0.3560680150985718,
      0.2771952152252197,
      0.8136745691299438,
      0.48236846923828125,
      0.3661682605743408,
      0.01627814769744873,
      0.07836544513702393,
      0.2090684175491333,
      0.4584301710128784,
      0.7705717086791992,
      0.9953539371490479,
      0.1448676586151123
    ],
    "2": [
      0.03379929065704346,
      0.4410969018936157,
      0.4547489881515503,
      0.8034658432006836,
      0.32192111015319824,
      0.29123806953430176,
      0.4311267137527466,
      0.1764277219772339,
      0.41813409328460693,
      0.4593261480331421,
      0.24027252197265625,
      0.6620352268218994,
      0.1909928321838379,
      0.6997673511505127,
      0.5988107919692993,
      0.08952677249908447,
      0.28103113174438477,
      0.8054604530334473,
      0.15523719787597656,
      0.28493547439575195,
      0.2584608793258667,
      0.9066057205200195,
      0.128790020942688,
      0.7515890598297119,
      0.6336297988891602,
      0.7410637140274048,
      0.5558196306228638,
      0.49601519107818604,
      0.009843826293945313,
      0.17883753776550293,
      0.3389939069747925,
      0.010235905647277832,
      0.48482751846313477,
      0.36029052734375,
      0.16793465614318848,
      0.12868475914001465,
      0.8586505651473999,
      0.3123990297317505,
      0.18990790843963623,
      0.6662516593933105,
      0.06582176685333252,
      0.21150457859039307,
      0.8140386343002319,
      0.14358282089233398,
      0.8533194065093994,
      0.8899235725402832,
      0.5968074798583984,
      0.2276238203048706,
      0.11484134197235107,
      0.12224388122558594,
      0.7165218591690063,
      0.5304549932479858,
      0.5658484697341919,
      0.8330469131469727,
      0.5736796855926514
    ],
    "3": [
      0.04254448413848877,
      0.21721398830413818,
      0.06694495677947998,
      0.03321421146392822,
      0.7942566871643066,
      0.6963709592819214,
      0.3887516260147095,
      0.039147377014160156,
      0.2518552541732788,
      0.5132429599761963,
      0.7291414737701416,
      0.6223762035369873,
      0.24333703517913818,
      0.21022069454193115,
      0.35125529766082764,
      0.24318933486938477,
      0.47983038425445557,
      0.046286821365356445,
      0.4250577688217163,
      0.7162848711013794,
      0.27690088748931885,
      0.9812231063842773,
      0.25990962982177734,
      0.2545928955078125,
      0.3107947111129761,
      0.3886864185333252,
      0.06387019157409668,
      0.4203382730484009,
      0.02294754981994629,
      0.916195273399353,
      0.29739928245544434,
      0.05741226673126221,
      0.9823144674301147,
      0.08240723609924316,
      0.32330846786499023,
      0.6547471284866333,
      0.12898051738739014,
      0.6252408027648926,
      0.39759111404418945,
      0.6955783367156982,
      0.19596362113952637,
      0.3477824926376343,
      0.8772678375244141,
      0.9068547487258911,
      0.5916851758956909,
      0.24198246002197266,
      0.1789151430130005,
      0.20099401473999023,
      0.8744649887084961,
      0.9170247316360474,
      0.794479250907898,
      0.6081347465515137,
      0.43885302543640137,
      0.19834589958190918,
      0.7368419170379639
    ]
  }
}
