{
  "cols": 55,
  "data": {
    "0": [
      0.0,
      0.4982419013977051,
      0.0,
      0.0,
      0.0,
      0.0,
      0.39049506187438965,
      0.8829808235168457,
      0.9441930055618286,
      0.15644210577011108,
      0.11782997846603394,
      0.3284338712692261,
      0.3610539436340332,
      0.3623065948486328,
      0.19393400847911835,
      0.4176744818687439,
      0.7410986423492432,
      0.6441456079483032,
      0.787041425704956,
      0.38625776767730713,
      0.5512802600860596,
      0.5864468216896057,
      0.83906489610672,
      0.47392064332962036,
      0.6116818189620972,
      0.7521114945411682,
      0.33078837394714355,
      0.6584690809249878,
      0.5715155601501465,
      0.607859194278717,
      0.7664648294448853,
      0.7230287790298462,
      0.44595077633857727,
      0.44881221652030945,
      0.38153180480003357,
      0.6152316331863403,
      0.6774661540985107,
      0.6932402849197388,
      0.40630418062210083,
      0.5763383507728577,
      0.6495124697685242,
      0.6209098696708679,
      0.6623225212097168,
      0.5055127739906311,
      0.3632992208003998,
      0.6679338812828064,
      0.2995080351829529,
      0.4039592742919922,
      0.5119249820709229,
      0.7460308074951172,
      0.350314199924469,
      0.42264050245285034,
      0.7022162079811096,
      0.716471791267395,
      0.32278215885162354
    ],
    "1": [
      0.0,
      0.5799520015716553,
      0.0,
      0.44443821907043457,
      0.0,
      0.0,
      0.6298766136169434,
      0.8829808235168457,
      0.9441930055618286,
      0.15644210577011108,
      0.11782997846603394,
      0.3284338712692261,
      0.3610539436340332,
      0.3623065948486328,
      0.19393400847911835,
      0.6967097520828247,
      0.4754070043563843,
      0.6441456079483032,
      0.3727113604545593,
      0.6511721611022949,
      0.5512802600860596,
      0.5864468216896057,
      0.83906489610672,
      0.47392064332962036,
      0.6116818189620972,
      0.7521114945411682,
      0.33078837394714355,
      0.6584690809249878,
      0.5715155601501465,
      0.607859194278717,
      0.7664648294448853,
      0.746841549873352,
      0.6283698081970215,
      0.44881221652030945,
      0.744915783405304,
      0.8034253716468811,
      0.7447130680084229,
      0.40068233013153076,
      0.42767399549484253,
      0.5763383507728577,
      0.6495124697685242,
      0.6209098696708679,
      0.6623225212097168,
      0.5055127739906311,
      0.3632992208003998,
      0.6679338812828064,
      0.2995080351829529,
      0.4039592742919922,
      0.5119249820709229,
      0.7460308074951172,
      0.350314199924469,
      0.42264050245285034,
      0.7022162079811096,
      0.716471791267395,
      0.32278215885162354
    ],
    "2": [
      0.0,
      0.5799520015716553,
      0.0,
      0.44443821907043457,
      0.6450019478797913,
      0.0,
      0.6298766136169434,
      0.39814889430999756,
      0.28271740674972534,
      0.15644210577011108,
      0.11782997846603394,
      0.3762245774269104,
      0.12056624889373779,
      0.3623065948486328,
      0.4740219712257385,
      0.41433006525039673,
      0.24819272756576538,
      0.39889204502105713,
      0.3727113604545593,
      0.283528208732605,
      0.209783136844635,
      0.27873116731643677,
      0.46611714363098145,
      0.47392064332962036,
      0.6116818189620972,
      0.7521114945411682,
      0.33078837394714355,
      0.6584690809249878,
      0.5715155601501465,
      0.4390920400619507,
      0.7730558514595032,
      0.746841549873352,
      0.6283698081970215,
      0.44881221652030945,
      0.744915783405304,
      0.8034253716468811,
      0.7447130680084229,
      0.40068233013153076,
      0.42767399549484253,
      0.48976409435272217,
      0.8901425004005432,
      0.392608642578125,
      0.6630634069442749,
      0.2792043685913086,
      0.8091343641281128,
      0.38504159450531006,
      0.2739681601524353,
      0.4039592742919922,
      0.5119249820709229,
      0.7460308074951172,
      0.350314199924469,
      0.42264050245285034,
      0.7022162079811096,
      0.716471791267395,
      0.32278215885162354
    ],
    "3": [
      0.0,
      0.0,
      0.0,
      0.0,
      0.14726239442825317,
      0.8460121750831604,
      0.6298766136169434,
      0.39814889430999756,
      0.28271740674972534,
      0.15644210577011108,
      0.11782997846603394,
      0.3762245774269104,
      0.12056624889373779,
      0.3623065948486328,
      0.4740219712257385,
      0.41433006525039673,
      0.24819272756576538,
      0.39889204502105713,
      0.3727113604545593,
      0.283528208732605,
      0.209783136844635,
      0.27873116731643677,
      0.46611714363098145,
      0.47392064332962036,
      0.6116818189620972,
      0.7521114945411682,
      0.33078837394714355,
      0.6584690809249878,
      0.5715155601501465,
      0.4390920400619507,
      0.7730558514595032,
      0.746841549873352,
      0.6283698081970215,
      0.44881221652030945,
      0.744915783405304,
      0.8034253716468811,
      0.7447130680084229,
      0.40068233013153076,
      0.42767399549484253,
      0.48976409435272217,
      0.8901425004005432,
      0.392608642578125,
      0.6630634069442749,
      0.2792043685913086,
      0.8091343641281128,
      0.38504159450531006,
      0.2739681601524353,
      0.4039592742919922,
      0.5119249820709229,
      0.2595773935317993,
      0.350314199924469,
      0.42264050245285034,
      0.9724680185317993,
      0.938517689704895,
      0.8173773288726807
    ],
    "4": [
      0.0,
      0.0,
      0.7440698742866516,
      0.0,
      0.14726239442825317,
      0.2096053957939148,
      0.6298766136169434,
      0.39814889430999756,
      0.28271740674972534,
      0.15644210577011108,
      0.11782997846603394,
      0.3762245774269104,
      0.12056624889373779,
      0.3623065948486328,
      0.4740219712257385,
      0.41433006525039673,
      0.24819272756576538,
      0.39889204502105713,
      0.8588947653770447,
      0.283528208732605,
      0.5695223808288574,
      0.9044660329818726,
      0.7858591079711914,
      0.6773867607116699,
      0.3940275311470032,
      0.2614350914955139,
      0.5735422372817993,
      0.2948451042175293,
      0.18049442768096924,
      0.974967896938324,
      0.7730558514595032,
      0.746841549873352,
      0.6283698081970215,
      0.44881221652030945,
      0.744915783405304,
      0.8034253716468811,
      0.7447130680084229,
      0.40068233013153076,
      0.42767399549484253,
      0.8281536102294922,
      0.33163291215896606,
      0.392608642578125,
      0.6630634069442749,
      0.4114588499069214,
      0.7090399265289307,
      0.38504159450531006,
      0.7658604383468628,
      0.4039592742919922,
      0.9593608379364014,
      0.8470712900161743,
      0.6863387227058411,
      0.586007833480835,
      0.6966421008110046,
      0.014694690704345703,
      0.8173773288726807
    ],