{
  "cols": 55,
  "data": {
    "0": [
      0.7614543437957764,
      0.9571256637573242,
      0.8698483109474182,
      0.3007562756538391,
      0.5603317618370056,
      0.10283535718917847,
      0.7435746788978577,
      0.593999445438385,
      0.10391001403331757,
      0.8323600888252258,
      0.6208877563476563,
      0.26913541555404663,
      0.23229171335697174,
      0.6958020925521851,
      0.4964052140712738,
      0.9652257561683655,
      0.18529115617275238,
      0.7378530502319336,
      0.825173020362854,
      0.7027060389518738,
      0.9462369084358215,
      0.7960125207901001,
      0.2611407935619354,
      0.9124335646629333,
      0.065528504550457,
      0.9399476051330566,
      0.15842925012111664,
      0.24395324289798737,
      0.7574887275695801,
      0.8281804323196411,
      0.04758375510573387,
      0.0836188867688179,
      0.2692236006259918,
      0.045654404908418655,
      0.06189599260687828,
      0.5369282960891724,
      0.2739245295524597,
      0.09765378385782242,
      0.9023008346557617,
      0.35066601634025574,
      0.6014476418495178,
      0.2609892785549164,
      0.5259026885032654,
      0.7995172142982483,
      0.06266164034605026,
      0.7615349888801575,
      0.7161259055137634,
      0.3198068141937256,
      0.6319890022277832,
      0.09410664439201355,
      0.8677278161048889,
      0.9620070457458496,
      0.9285221695899963,
      0.49058613181114197,
      0.12054069340229034
    ],
    "1": [
      0.7057821750640869,
      0.5532734394073486,
      0.21867501735687256,
      0.38187193870544434,
      0.4158899784088135,
      0.0,
      0.7435746788978577,
      0.593999445438385,
      0.10391001403331757,
      0.8323600888252258,
      0.6208877563476563,
      0.26913541555404663,
      0.23229171335697174,
      0.6958020925521851,
      0.4964052140712738,
      0.9652257561683655,
      0.18529115617275238,
      0.7378530502319336,
      0.825173020362854,
      0.7027060389518738,
      0.9462369084358215,
      0.7960125207901001,
      0.2611407935619354,
      0.9124335646629333,
      0.065528504550457,
      0.9399476051330566,
      0.15842925012111664,
      0.24395324289798737,
      0.7574887275695801,
      0.8281804323196411,
      0.04758375510573387,
      0.0836188867688179,
      0.2692236006259918,
      0.045654404908418655,
      0.06189599260687828,
      0.5369282960891724,
      0.2739245295524597,
      0.09765378385782242,
      0.9023008346557617,
      0.35066601634025574,
      0.6014476418495178,
      0.2609892785549164,
      0.5259026885032654,
      0.7995172142982483,
      0.06266164034605026,
      0.7615349888801575,
      0.7161259055137634,
      0.3198068141937256,
      0.6319890022277832,
      0.09410664439201355,
      0.8677278161048889,
      0.9620070457458496,
      0.9285221695899963,
      0.49058613181114197,
      0.12054069340229034
    ],
    "2": [
      0.0,
      0.0,
      0.0,
      0.7543394565582275,
      0.0,
      0.0,
      0.7435746788978577,
      0.593999445438385,
      0.5387136340141296,
      0.8323600888252258,
      0.09779757261276245,
      0.26913541555404663,
      0.23229171335697174,
      0.6958020925521851,
      0.6119519472122192,
      0.5910748839378357,
      0.20890486240386963,
      0.7378530502319336,
      0.825173020362854,
      0.7027060389518738,
      0.9462369084358215,
      0.7960125207901001,
      0.2611407935619354,
      1.0,
      1.0,
      0.9069994688034058,
      0.22799134254455566,
      0.7856227159500122,
      0.4827713966369629,
      0.0,
      1.0,
      0.0836188867688179,
      0.2692236006259918,
      0.045654404908418655,
      0.06189599260687828,
      0.5369282960891724,
      0.2739245295524597,
      0.09765378385782242,
      0.9023008346557617,
      0.35066601634025574,
      0.6014476418495178,
      0.3334234952926636,
      0.47179245948791504,
      0.7995172142982483,
      0.6478278040885925,
      0.2264038324356079,
      0.7161259055137634,
      0.6672524213790894,
      0.6319890022277832,
      0.0,
      0.0,
      0.09735816717147827,
      0.20478320121765137,
      0.0,
      0.12054069340229034
    ],
    "3": [
      0.0,
      0.0,
      0.0,
      0.7543394565582275,
      0.0,
      0.0,
      0.7435746788978577,
      0.593999445438385,
      0.5387136340141296,
      0.8323600888252258,
      0.09779757261276245,
      0.26913541555404663,
      0.23229171335697174,
      0.6958020925521851,
      0.6119519472122192,
      0.5910748839378357,
      0.20890486240386963,
      0.7378530502319336,
      0.825173020362854,
      0.7027060389518738,
      0.9462369084358215,
      0.7960125207901001,
      0.2611407935619354,
      1.0,
      1.0,
      0.9069994688034058,
      0.22799134254455566,
      0.7856227159500122,
      0.4827713966369629,
      0.0,
      1.0,
      0.0836188867688179,
      0.026687443256378174,
      1.0,
      0.06189599260687828,
      0.5369282960891724,
      0.2739245295524597,
      0.09765378385782242,
      0.0,
      0.35066601634025574,
      0.6014476418495178,
      0.3334234952926636,
      0.47179245948791504,
      0.7995172142982483,
      0.6478278040885925,
      0.2264038324356079,
      0.7161259055137634,
      0.6672524213790894,
      0.6319890022277832,
      0.0,
      0.0,
      0.09735816717147827,
      0.20478320121765137,
      0.0,
      0.12054069340229034
    ],
    "4": [
      0.0,
      0.0,
      0.0,
      0.7543394565582275,
      0.045543372631073,
      0.0,
      0.7435746788978577,
      0.593999445438385,
      0.5387136340141296,
      0.8323600888252258,
      0.09779757261276245,
      0.26913541555404663,
      0.23229171335697174,
      0.6958020925521851,
      0.6119519472122192,
      0.5910748839378357,
      0.20890486240386963,
      0.7378530502319336,
      0.825173020362854,
      0.7027060389518738,
      0.9462369084358215,
      0.7960125207901001,
      0.2611407935619354,
      1.0,
      1.0,
      0.9069994688034058,
      0.22799134254455566,
      0.7856227159500122,
      0.4827713966369629,
      0.0,
      1.0,
      0.0836188867688179,
      0.026687443256378174,
      1.0,
      0.06189599260687828,
      0.5369282960891724,
      0.2739245295524597,
      0.09765378385782242,
      0.0,
      0.49736523628234863,
      0.18106883764266968,
      0.5792515873908997,
      0.6610701680183411,
      0.3875751495361328,
      0.23069363832473755,
      0.6447538733482361,
      0.39460158348083496,
      0.6672524213790894,
      0.6319890022277832,
      0.0,
      0.0,
      0.09735816717147827,
      0.20478320121765137,
      0.0,
      0.12054069340229034
    ],