{
  "cols": 4,
  "data": {
    "0": [
      0.41241347789764404,
      0.3051578998565674,
      0.08706092834472656,
      0.5772562026977539
    ],
    "1": [
      0.3840903043746948,
      0.47404658794403076,
      0.051982998847961426,
      0.57871413230896
    ],
    "2": [
      0.9265294075012207,
      0.6186559200286865,
      0.08122372627258301,
      0.5410139560699463
    ],
    "3": [
      0.5337237119674683,
      0.9146007299423218,
      0.5489616394042969,
      0.8937710523605347
    ]
  }
}
