{
  "cols": 4,
  "data": {
    "0": [
      0.800969123840332,
      0.4984152317047119,
      0.4341491460800171,
      0.9586074352264404
    ],
    "1": [
      0.492404580116272,
      0.4650228023529053,
      0.727534294128418,
      0.2551698684692383
    ],
    "2": [
      0.4830300807952881,
      0.31714928150177,
      0.42123889923095703,
      0.7338663339614868
    ],
    "3": [
      0.5663522481918335,
      0.9076173305511475,
      0.14851891994476318,
      0.1616356372833252
    ]
  }
}
