{
  "cols": 4,
  "data": {
    "0": [
      0.9320793151855469,
      0.13268518447875977,
      0.257556676864624,
      0.7974709272384644
    ],
    "1": [
      0.3647904396057129,
      0.5452010631561279,
      0.470705509185791,
      0.9941511154174805
    ],
    "2": [
      0.6368882656097412,
      0.6920146942138672,
      0.13293588161468506,
      0.29266250133514404
    ],
    "3": [
      0.8842082023620605,
      0.5028587579727173,
      0.8250415325164795,
      0.40829598903656006
    ]
  }
}
