{
  "cols": 4,
  "data": {
    "0": [
      0.7739291191101074,
      0.3701319694519043,
      0.4684504270553589,
      0.5287158489227295
    ],
    "1": [
      0.5532000064849854,
      0.7866164445877075,
      0.709984540939331,
      0.07855510711669922
    ],
    "2": [
      0.8998996019363403,
      0.9858392477035522,
      0.2601475715637207,
      0.8156856298446655
    ],
    "3": [
      0.295465350151062,
      0.2675187587738037,
      0.7655627727508545,
      0.8778196573257446
    ]
  }
}
