{
  "cols": 4,
  "data": {
    "0": [
      0.39862942695617676,
      0.3768709897994995,
      0.6997466087341309,
      0.4702565670013428
    ],
    "1": [
      0.3486396074295044,
      0.5438095331192017,
      0.27843689918518066,
      0.36637425422668457
    ],
    "2": [
      0.6518727540969849,
      0.12768268585205078,
      0.3112344741821289,
      0.5467637777328491
    ],
    "3": [
      0.9123858213424683,
      0.5230085849761963,
      0.8743809461593628,
      0.481392502784729
    ]
  }
}
