{
  "cols": 4,
  "data": {
    "0": [
      0.8470335006713867,
      0.9898580312728882,
      0.796332597732544,
      0.8493824005126953
    ],
    "1": [
      0.13315880298614502,
      0.6902157068252563,
      0.19217157363891602,
      0.314311146736145
    ],
    "2": [
      0.33525800704956055,
      0.44314801692962646,
      0.4921365976333618,
      0.358242392539978
    ],
    "3": [
      0.5010919570922852,
      0.943827748298645,
      0.3862266540527344,
      0.5292140245437622
    ]
  }
}
