{
  "cols": 4,
  "data": {
    "0": [
      0.8682647943496704,
      0.5345473289489746,
      0.5586415529251099,
      0.06732523441314697
    ],
    "1": [
      0.48476362228393555,
      0.9860978126525879,
      0.7580962181091309,
      0.29643452167510986
    ],
    "2": [
      0.03436005115509033,
      0.12430787086486816,
      0.4602813720703125,
      0.2570500373840332
    ],
    "3": [
      0.11858940124511719,
      0.28535759449005127,
      0.740449070930481,
      0.12869584560394287
    ]
  }
}
