{
  "cols": 4,
  "data": {
    "0": [
      0.6340696811676025,
      0.4698631763458252,
      0.34710562229156494,
      0.9420089721679688
    ],
    "1": [
      0.2177600860595703,
      0.0870208740234375,
      0.6992599964141846,
      0.38712286949157715
    ],
    "2": [
      0.06050598621368408,
      0.3411191701889038,
      0.23700439929962158,
      0.6687452793121338
    ],
    "3": [
      0.6547088623046875,
      0.8752351999282837,
      0.03742539882659912,
      0.005429625511169434
    ]
  }
}
