{
  "cols": 55,
  "data": {
    "0": [
      0.3246499300003052,
      0.08860063552856445,
      0.01654839515686035,
      0.0011366605758666992,
      0.44018423557281494,
      0.11373364925384521,
      0.05836522579193115,
      0.24625742435455322,
      0.2994457483291626,
      0.9331471920013428,
      0.23235058784484863,
      0.7173612117767334,
      0.8887748718261719,
      0.5209498405456543,
      0.8873438835144043,
      0.027505993843078613,
      0.9116907119750977,
      0.19134974479675293,
      0.37483465671539307,
      0.5154781341552734,
      0.35650384426116943,
      0.8197203874588013,
      0.8417273759841919,
      0.8828507661819458,
      0.8797060251235962,
      0.12346148490905762,
      0.8883469104766846,
      0.45095598697662354,
      0.1960141658782959,
      0.18300938606262207,
      0.0399928092956543,
      0.20380663871765137,
      0.8505390882492065,
      0.43254971504211426,
      0.9499820470809937,
      0.794957160949707,
      0.6290555000305176,
      0.6034368276596069,
      0.03503715991973877,
      0.8652769327163696,
      0.07090532779693604,
      0.8415961265563965,
      0.4995485544204712,
      0.615341067314148,
      0.04325556755065918,
      0.41523873805999756,
      0.026793837547302246,
      0.4321709871292114,
      0.7850029468536377,
      0.6707761287689209,
      0.9787358045578003,
      0.8401975631713867,
      0.9403047561645508,
      0.741997241973877,
      0.01970374584197998
    ],
    "1": [
      0.3826475143432617,
      0.46992504596710205,
      0.9453963041305542,
      0.24317336082458496,
      0.24684929847717285,
      0.6204617023468018,
      0.83306884765625,
      0.5929726362228394,
      0.3230949640274048,
      0.3965200185775757,
      0.3162205219268799,
      0.40299272537231445,
      0.08846008777618408,
      0.2648230791091919,
      0.8425068855285645,
      0.2893412113189697,
      0.8136579990386963,
      0.2629125118255615,
      0.8566559553146362,
      0.06461620330810547,
      0.9106408357620239,
      0.38584744930267334,
      0.7002713680267334,
      0.7645151615142822,
      0.002975940704345703,
      0.30130910873413086,
      0.8095275163650513,
      0.5686373710632324,
      0.15756666660308838,
      0.8766173124313354,
      0.6291849613189697,
      0.1964646577835083,
      0.41984260082244873,
      0.20996356010437012,
      0.5555856227874756,
      0.8227732181549072,
      0.7991747856140137,
      0.60074782371521,
      0.4213440418243408,
      0.40169548988342285,
      0.5620468854904175,
      0.14845526218414307,
      0.03662109375,
      0.08651161193847656,
      0.640300989151001,
      0.7303904294967651,
      0.8984074592590332,
      0.45262157917022705,
      0.21909940242767334,
      0.15741300582885742,
      0.08570480346679688,
      0.9531512260437012,
      0.08822250366210938,
      0.8506592512130737,
      0.9456331729888916
    ],
    "2": [
      0.5134304761886597,
      0.3280599117279053,
      0.7226684093475342,
      0.7003237009048462,
      0.34902143478393555,
      0.9328070878982544,
      0.6067217588424683,
      0.6978251934051514,
      0.49112725257873535,
      0.386633038520813,
      0.8642973899841309,
      0.5777943134307861,
      0.5228630304336548,
      0.13498914241790771,
      0.1669621467590332,
      0.27978646755218506,
      0.6347103118896484,
      0.9046298265457153,
      0.9317357540130615,
      0.7126936912536621,
      0.6665705442428589,
      0.015651226043701172,
      0.9681674242019653,
      0.21052169799804688,
      0.10523092746734619,
      0.09721791744232178,
      0.7926286458969116,
      0.07330834865570068,
      0.1821497678756714,
      0.6121335029602051,
      0.8843686580657959,
      0.7755601406097412,
      0.5497183799743652,
      0.925536036491394,
      0.6487636566162109,
      0.302748441696167,
      0.04961121082305908,
      0.3178553581237793,
      0.2727205753326416,
      0.7121068239212036,
      0.3078188896179199,
      0.5317120552062988,
      0.9091105461120605,
      0.7298451662063599,
      0.6518303155899048,
      0.2663043737411499,
      0.16480982303619385,
      0.09845829010009766,
      0.5416051149368286,
      0.6920516490936279,
      0.2507743835449219,
      0.4526841640472412,
      0.2610175609588623,
      0.2632633447647095,
      0.5699658393859863
    ],
    "3": [
      0.2998255491256714,
      0.11289381980895996,
      0.8327184915542603,
      0.4409743547439575,
      0.2938295602798462,
      0.9326860904693604,
      0.7537741661071777,
      0.5604554414749146,
      0.93697190284729,
      0.5492786169052124,
      0.8325541019439697,
      0.7675174474716187,
      0.4590756893157959,
      0.584683895111084,
      0.03483223915100098,
      0.8157415390014648,
      0.5691738128662109,
      0.762851357460022,
      0.8163058757781982,
      0.36476314067840576,
      0.6985176801681519,
      0.612069845199585,
      0.23531579971313477,
      0.5618666410446167,
      0.1257568597793579,
      0.15640759468078613,
      0.2888197898864746,
      0.08079338073730469,
      0.5272303819656372,
      0.9559844732284546,
      0.5309520959854126,
      0.1607804298400879,
      0.7660456895828247,
      0.050478577613830566,
      0.7107726335525513,
      0.17657339572906494,
      0.3987652063369751,
      0.9442939758300781,
      0.31872785091400146,
      0.3594106435775757,
      0.13018834590911865,
      0.1559758186340332,
      0.09724485874176025,
      0.5268173217773438,
      0.6246711015701294,
      0.14741885662078857,
      0.34742212295532227,
      0.952368974685669,
      0.18535709381103516,
      0.7290821075439453,
      0.8125612735748291,
      0.7190254926681519,
      0.6815720796585083,
      0.2739452123641968,
      0.34530484676361084
    ]
  }
}
