{
  "cols": 55,
  "data": {
    "0": [
      0.2919825315475464,
      0.913180947303772,
      0.1733543872833252,
      0.021662354469299316,
      0.10606038570404053,
      0.1015176773071289,
      0.16246473789215088,
      0.20657312870025635,
      0.35348010063171387,
      0.06563472747802734,
      0.9204949140548706,
      0.26549339294433594,
      0.8941153287887573,
      0.762313723564148,
      0.12010860443115234,
      0.2745155096054077,
      0.5472805500030518,
      0.3561619520187378,
      0.5536595582962036,
      0.7059521675109863,
      0.35585665702819824,
      0.33761560916900635,
      0.23832833766937256,
      0.4634743928909302,
      0.28242814540863037,
      0.9204317331314087,
      0.7312291860580444,
      0.24680805206298828,
      0.22908318042755127,
      0.7639362812042236,
      0.9644479751586914,
      0.8873882293701172,
      0.0299910306930542,
      0.26487064361572266,
      0.6540383100509644,
      0.4935668706893921,
      0.657138466835022,
      0.8065840005874634,
      0.23364365100860596,
      0.9196374416351318,
      0.21780610084533691,
      0.8299369812011719,
      0.7489674091339111,
      0.04061722755432129,
      0.9957051277160645,
      0.9942156076431274,
      0.0024771690368652344,
      0.005561709403991699,
      0.12090694904327393,
      0.4173396825790405,
      0.433513879776001,
      0.030856609344482422,
      0.534455418586731,
      0.09016740322113037,
      0.782157301902771
    ],
    "1": [
      0.6933141946792603,
      0.5642729997634888,
      0.09649896621704102,
      0.7328757047653198,
      0.47701096534729004,
      0.14130628108978271,
      0.17932236194610596,
      0.2953437566757202,
      0.36615419387817383,
      0.3117556571960449,
      0.1732954978942871,
      0.23790597915649414,
      0.09701013565063477,
      0.165138840675354,
      0.8734712600708008,
      0.8196812868118286,
      0.7310813665390015,
      0.009417533874511719,
      0.768291711807251,
      0.49825191497802734,
      0.018353819847106934,
      0.2841564416885376,
      0.37276363372802734,
      0.2544212341308594,
      0.5426356792449951,
      0.2304314374923706,
      0.17741024494171143,
      0.5691472291946411,
      0.5429583787918091,
      0.6859124898910522,
      0.5535775423049927,
      0.04519391059875488,
      0.8448160886764526,
      0.9368044137954712,
      0.4133244752883911,
      0.25360310077667236,
      0.23731446266174316,
      0.6513271331787109,
      0.4095637798309326,
      0.7839246988296509,
      0.6109354496002197,
      0.508568286895752,
      0.7034053802490234,
      0.583720326423645,
      0.06292378902435303,
      0.8999582529067993,
      0.05182957649230957,
      0.5320273637771606,
      0.619788408279419,
      0.8333098888397217,
      0.202622652053833,
      0.352547287940979,
      0.7994177341461182,
      0.02796339988708496,
      0.5081251859664917
    ],
    "2": [
      0.6283383369445801,
      0.5620824098587036,
      0.38122856616973877,
      0.12447309494018555,
      0.8232854604721069,
      0.31633710861206055,
      0.5155156850814819,
      0.6604523658752441,
      0.041666626930236816,
      0.5525310039520264,
      0.32246530055999756,
      0.6282200813293457,
      0.08168840408325195,
      0.5844815969467163,
      0.7475961446762085,
      0.37902069091796875,
      0.1892530918121338,
      0.8756270408630371,
      0.04351794719696045,
      0.35062551498413086,
      0.9411929845809937,
      0.9977335929870605,
      0.7823011875152588,
      0.8891603946685791,
      0.11249446868896484,
      0.8046180009841919,
      0.6668052673339844,
      0.5620080232620239,
      0.9216293096542358,
      0.25315117835998535,
      0.45725011825561523,
      0.20473480224609375,
      0.46304619312286377,
      0.37008869647979736,
      0.5083193778991699,
      0.42365479469299316,
      0.8704872131347656,
      0.32159364223480225,
      0.8350577354431152,
      0.9820883274078369,
      0.43011558055877686,
      0.4647098779678345,
      0.7322461605072021,
      0.42774510383605957,
      0.3853592872619629,
      0.8412182331085205,
      0.6868774890899658,
      0.7980784177780151,
      0.4127497673034668,
      0.6623620986938477,
      0.8971956968307495,
      0.8184341192245483,
      0.9866446256637573,
      0.8536010980606079,
      0.48479902744293213
    ],
    "3": [
      0.27206432819366455,
      0.2857217788696289,
      0.5874601602554321,
      0.5741255283355713,
      0.3299757242202759,
      0.9429750442504883,
      0.43555748462677,
      0.7476861476898193,
      0.4387933015823364,
      0.0699000358581543,
      0.3297983407974243,
      0.2821691036224365,
      0.009144067764282227,
      0.5160865783691406,
      0.9766095876693726,
      0.9561059474945068,
      0.20033884048461914,
      0.534220814704895,
      0.7710062265396118,
      0.8681117296218872,
      0.45390403270721436,
      0.6242222785949707,
      0.852913498878479,
      0.40994107723236084,
      0.5524868965148926,
      0.5110023021697998,
      0.4558607339859009,
      0.12500929832458496,
      0.5838462114334106,
      0.9707732200622559,
      0.9247860908508301,
      0.08378338813781738,
      0.5003327131271362,
      0.9441249370574951,
      0.8348550796508789,
      0.7840696573257446,
      0.05376410484313965,
      0.20805442333221436,
      0.2170848846435547,
      0.026398777961730957,
      0.17695260047912598,
      0.8670800924301147,
      0.28277838230133057,
      0.5782443284988403,
      0.9565459489822388,
      0.22493016719818115,
      0.4707956314086914,
      0.3620777130126953,
      0.7025220394134521,
      0.45026183128356934,
      0.3288893699645996,
      0.9154363870620728,
      0.5396090745925903,
      0.3973170518875122,
      0.08356833457946777
    ]
  }
}
