{
  "cols": 55,
  "data": {
    "0": [
      0.750534176826477,
      0.9095033407211304,
      0.13526880741119385,
      0.6590524911880493,
      0.0699542760848999,
      0.6142719984054565,
      0.2057856321334839,
      0.49585723876953125,
      0.15556740760803223,
      0.5730992555618286,
      0.16921770572662354,
      0.41321563720703125,
      0.9386913776397705,
      0.9529405832290649,
      0.79355788230896,
      0.8996641635894775,
      0.20785963535308838,
      0.3849945068359375,
      0.4185802936553955,
      0.9183382987976074,
      0.5862500667572021,
      0.7638070583343506,
      0.0843193531036377,
      0.8701379299163818,
      0.566930890083313,
      0.7145273685455322,
      0.8589131832122803,
      0.6449482440948486,
      0.7304604053497314,
      0.23359501361846924,
      0.8416150808334351,
      0.9957977533340454,
      0.552802562713623,
      0.2536731958389282,
      0.13550209999084473,
      0.3526332378387451,
      0.911367654800415,
      0.35802972316741943,
      0.9476271867752075,
      0.07574522495269775,
      0.5581432580947876,
      0.10328364372253418,
      0.5063111782073975,
      0.13810908794403076,
      0.9294931888580322,
      0.3916534185409546,
      0.26203715801239014,
      0.3070632219314575,
      0.10326159000396729,
      0.7291474342346191,
      0.9865384101867676,
      0.9881550073623657,
      0.16168320178985596,
      0.11997067928314209,
      0.5938135385513306
    ],
    "1": [
      0.5297174453735352,
      0.09140443801879883,
      0.42284321784973145,
      0.9187182188034058,
      0.3204749822616577,
      0.21482276916503906,
      0.13561701774597168,
      0.7512298822402954,
      0.792751669883728,
      0.44407057762145996,
      0.1619638204574585,
      0.4470057487487793,
      0.025771498680114746,
      0.5519145727157593,
      0.5957258939743042,
      0.2684657573699951,
      0.4620625972747803,
      0.08336484432220459,
      0.6389416456222534,
      0.258359432220459,
      0.7836476564407349,
      0.189977765083313,
      0.947095513343811,
      0.3187270164489746,
      0.2886115312576294,
      0.21125483512878418,
      0.7082967758178711,
      0.6068919897079468,
      0.5413658618927002,
      0.8833329677581787,
      0.9973946809768677,
      0.9797227382659912,
      0.26143503189086914,
      0.46750855445861816,
      0.555428147315979,
      0.45858168601989746,
      0.30129826068878174,
      0.8092360496520996,
      0.7761614322662354,
      0.2681339979171753,
      0.479148268699646,
      0.6786377429962158,
      0.8856384754180908,
      0.9247435331344604,
      0.3871647119522095,
      0.20304572582244873,
      0.47312378883361816,
      0.7536966800689697,
      0.044159770011901855,
      0.8392848968505859,
      0.548511266708374,
      0.7260031700134277,
      0.1523420810699463,
      0.21932029724121094,
      0.5301759243011475
    ],
    "2": [
      0.7759190797805786,
      0.701826810836792,
      0.11157822608947754,
      0.2586573362350464,
      0.9843951463699341,
      0.058748722076416016,
      0.9417283535003662,
      0.009912848472595215,
      0.44391942024230957,
      0.38298797607421875,
      0.6280556917190552,
      0.2955840826034546,
      0.008377909660339355,
      0.3269604444503784,
      0.8752232789993286,
      0.0861673355102539,
      0.07956147193908691,
      0.24592363834381104,
      0.7947936058044434,
      0.47144806385040283,
      0.5776211023330688,
      0.7217549085617065,
      0.4784189462661743,
      0.5529203414916992,
      0.8420209884643555,
      0.9283150434494019,
      0.36507081985473633,
      0.9196953773498535,
      0.1618199348449707,
      0.378537654876709,
      0.8309288024902344,
      0.6704893112182617,
      0.5824239253997803,
      0.45182597637176514,
      0.32723402976989746,
      0.4608650207519531,
      0.7011884450912476,
      0.22441530227661133,
      0.7428884506225586,
      0.575763463973999,
      0.28110432624816895,
      0.9467391967773438,
      0.8815686702728271,
      0.4660501480102539,
      0.9101835489273071,
      0.7989274263381958,
      0.6510368585586548,
      0.17731869220733643,
      0.8147345781326294,
      0.32739996910095215,
      0.22999632358551025,
      0.699884295463562,
      0.23325693607330322,
      0.5136826038360596,
      0.8794687986373901
    ],
    "3": [
      0.2528679370880127,
      0.04925262928009033,
      0.5745682716369629,
      0.5603587627410889,
      0.7209961414337158,
      0.8150037527084351,
      0.7856451272964478,
      0.6619958877563477,
      0.6490354537963867,
      0.10338282585144043,
      0.34980309009552,
      0.3944817781448364,
      0.5441375970840454,
      0.582249641418457,
      0.3192567825317383,
      0.3660389184951782,
      0.3035149574279785,
      0.4238938093185425,
      0.1857229471206665,
      0.05547058582305908,
      0.8854014873504639,
      0.15980195999145508,
      0.15092086791992188,
      0.32871103286743164,
      0.49879157543182373,
      0.0012180805206298828,
      0.7131767272949219,
      0.15986168384552002,
      0.7129871845245361,
      0.15982532501220703,
      0.7939349412918091,
      0.4076911211013794,
      0.8901150226593018,
      0.5727581977844238,
      0.11346912384033203,
      0.8423041105270386,
      0.2620549201965332,
      0.65238356590271,
      0.4742470979690552,
      0.32047605514526367,
      0.8950017690658569,
      0.08663666248321533,
      0.8627302646636963,
      0.229852557182312,
      0.4926220178604126,
      0.3299102783203125,
      0.30206918716430664,
      0.17778968811035156,
      0.7977050542831421,
      0.2183312177658081,
      0.23245906829833984,
      0.7753924131393433,
      0.9858307838439941,
      0.10733306407928467,
      0.5827763080596924
    ]
  }
}
