{
  "cols": 55,
  "data": {
    "0": [
      0.39785945415496826,
      0.8454521894454956,
      0.7727429866790771,
      0.9274923801422119,
      0.061635375022888184,
      0.06939780712127686,
      0.5662339925765991,
      0.006636142730712891,
      0.37018144130706787,
      0.2775067090988159,
      0.7925542593002319,
      0.38362085819244385,
      0.5417467355728149,
      0.5703589916229248,
      0.6745996475219727,
      0.6737933158874512,
      0.3328312635421753,
      0.4482208490371704,
      0.6007936000823975,
      0.66318678855896,
      0.4080932140350342,
      0.7708531618118286,
      0.37325501441955566,
      0.7279543876647949,
      0.5235515832901001,
      0.3872957229614258,
      0.9708377122879028,
      0.15118134021759033,
      0.7657746076583862,
      0.9127099514007568,
      0.5332314968109131,
      0.3279993534088135,
      0.5257402658462524,
      0.11541306972503662,
      0.015562772750854492,
      0.8029608726501465,
      0.9185265302658081,
      0.5700252056121826,
      0.9118618965148926,
      0.5459917783737183,
      0.1514129638671875,
      0.34696149826049805,
      0.42361652851104736,
      0.0677109956741333,
      0.0462033748626709,
      0.7516213655471802,
      0.8519132137298584,
      0.7366697788238525,
      0.020179152488708496,
      0.056447625160217285,
      0.2970939874649048,
      0.510399580001831,
      0.7285850048065186,
      0.3828568458557129,
      0.7061691284179688
    ],
    "1": [
      0.1703352928161621,
      0.6532934904098511,
      0.42238104343414307,
      0.9371629953384399,
      0.09235894680023193,
      0.5443075895309448,
      0.6404201984405518,
      0.5953488349914551,
      0.16821622848510742,
      0.41213059425354004,
      0.04802894592285156,
      0.7179306745529175,
      0.18307924270629883,
      0.1096351146697998,
      0.8672972917556763,
      0.9779038429260254,
      0.8427722454071045,
      0.188165545463562,
      0.5589604377746582,
      0.42057061195373535,
      0.2238612174987793,
      0.8254600763320923,
      0.6520782709121704,
      0.7320425510406494,
      0.33858752250671387,
      0.09877777099609375,
      0.9895269870758057,
      0.33940863609313965,
      0.3276383876800537,
      0.41314423084259033,
      0.26828277111053467,
      0.3547382354736328,
      0.39244353771209717,
      0.3582392930984497,
      0.492328405380249,
      0.3306070566177368,
      0.5741490125656128,
      0.7562825679779053,
      0.84425950050354,
      0.8892717361450195,
      0.921343207359314,
      0.43305063247680664,
      0.28059256076812744,
      0.7071243524551392,
      0.25548243522644043,
      0.3979116678237915,
      0.691710352897644,
      0.7369203567504883,
      0.3558768033981323,
      0.6685158014297485,
      0.913261890411377,
      0.7026702165603638,
      0.8997905254364014,
      0.3847297430038452,
      0.0008164644241333008
    ],
    "2": [
      0.1395559310913086,
      0.11238670349121094,
      0.04676926136016846,
      0.4656010866165161,
      0.7112914323806763,
      0.22232937812805176,
      0.7418749332427979,
      0.7045118808746338,
      0.5417801141738892,
      0.37829697132110596,
      0.5077686309814453,
      0.8217778205871582,
      0.9726289510726929,
      0.8210176229476929,
      0.05128800868988037,
      0.3708534240722656,
      0.493574857711792,
      0.9698967933654785,
      0.6198694705963135,
      0.1497124433517456,
      0.6366137266159058,
      0.8234434127807617,
      0.10044574737548828,
      0.4525580406188965,
      0.22629523277282715,
      0.5190582275390625,
      0.739710807800293,
      0.6209964752197266,
      0.7437028884887695,
      0.16442322731018066,
      0.7371972799301147,
      0.7756232023239136,
      0.9261143207550049,
      0.5259066820144653,
      0.8095757961273193,
      0.14971089363098145,
      0.3123931884765625,
      0.795979380607605,
      0.7616438865661621,
      0.3251756429672241,
      0.24333930015563965,
      0.2243562936782837,
      0.7449971437454224,
      0.004443049430847168,
      0.5470913648605347,
      0.33061540126800537,
      0.16193854808807373,
      0.5782901048660278,
      0.6696950197219849,
      0.480701208114624,
      0.6906179189682007,
      0.8810144662857056,
      0.6152907609939575,
      0.9651397466659546,
      0.058733582496643066
    ],
    "3": [
      0.2974879741668701,
      0.3968493938446045,
      0.04646003246307373,
      0.06189227104187012,
      0.892059326171875,
      0.5386009216308594,
      0.35818612575531006,
      0.9447855949401855,
      0.9895646572113037,
      0.7325439453125,
      0.4621100425720215,
      0.8161057233810425,
      0.3749290704727173,
      0.9082250595092773,
      0.9032191038131714,
      0.5893837213516235,
      0.5024126768112183,
      0.24216389656066895,
      0.18189799785614014,
      0.748508095741272,
      0.8521512746810913,
      0.41280150413513184,
      0.4371452331542969,
      0.513422966003418,
      0.5652763843536377,
      0.36993658542633057,
      0.7019832134246826,
      0.4054931402206421,
      0.27140140533447266,
      0.7332814931869507,
      0.18514668941497803,
      0.18157732486724854,
      0.8146164417266846,
      0.7452583312988281,
      0.05088090896606445,
      0.43758058547973633,
      0.8069354295730591,
      0.34419262409210205,
      0.9978594779968262,
      0.44808661937713623,
      0.7906943559646606,
      0.22867321968078613,
      0.7915356159210205,
      0.9666299819946289,
      0.4880412817001343,
      0.9476093053817749,
      0.3974348306655884,
      0.557561993598938,
      0.9592205286026001,
      0.47039568424224854,
      0.8838294744491577,
      0.02318859100341797,
      0.4882885217666626,
      0.18399178981781006,
      0.712224006652832
    ]
  }
}
