{
  "cols": 55,
  "data": {
    "0": [
      0.9667047262191772,
      0.4226788282394409,
      0.9930135011672974,
      0.7499188184738159,
      0.0327908992767334,
      0.6013647317886353,
      0.5865380764007568,
      0.9742118120193481,
      0.29886186122894287,
      0.6194915771484375,
      0.42018210887908936,
      0.8343180418014526,
      0.5727393627166748,
      0.6305289268493652,
      0.1487865447998047,
      0.6276262998580933,
      0.2852442264556885,
      0.3023364543914795,
      0.5844570398330688,
      0.2362593412399292,
      0.1677539348602295,
      0.6070548295974731,
      0.22287309169769287,
      0.934744119644165,
      0.39062607288360596,
      0.31096911430358887,
      0.4575248956680298,
      0.23373866081237793,
      0.49898767471313477,
      0.05769920349121094,
      0.999104380607605,
      0.15011179447174072,
      0.6720598936080933,
      0.37264955043792725,
      0.5290956497192383,
      0.1066129207611084,
      0.18511247634887695,
      0.037909507751464844,
      0.6462768316268921,
      0.7381953001022339,
      0.4491140842437744,
      0.5920225381851196,
      0.050894737243652344,
      0.3827422857284546,
      0.5075510740280151,
      0.9100068807601929,
      0.6026773452758789,
      0.0007423162460327148,
      0.20058941841125488,
      0.3758307695388794,
      0.5253219604492188,
      0.22519755363464355,
      0.6249686479568481,
      0.21974730491638184,
      0.3992729187011719
    ],
    "1": [
      0.5560669898986816,
      0.8082200288772583,
      0.9877052307128906,
      0.21463322639465332,
      0.8027635812759399,
      0.6238714456558228,
      0.5266915559768677,
      0.5781815052032471,
      0.5731620788574219,
      0.3231179714202881,
      0.7715147733688354,
      0.34896111488342285,
      0.7557885646820068,
      0.4115070104598999,
      0.04560649394989014,
      0.6057265996932983,
      0.335787296295166,
      0.523802638053894,
      0.5074564218521118,
      0.2252025604248047,
      0.5910176038742065,
      0.0017249584197998047,
      0.1249004602432251,
      0.8757399320602417,
      0.4109642505645752,
      0.38116419315338135,
      0.7720314264297485,
      0.07032907009124756,
      0.22101712226867676,
      0.6621390581130981,
      0.632304310798645,
      0.9541808366775513,
      0.6877806186676025,
      0.8914929628372192,
      0.30559825897216797,
      0.8543015718460083,
      0.17734158039093018,
      0.6091899871826172,
      0.8871418237686157,
      0.8597303628921509,
      0.5514646768569946,
      0.965957522392273,
      0.6962565183639526,
      0.35125112533569336,
      0.6600906848907471,
      0.5514352321624756,
      0.063468337059021,
      0.6329061985015869,
      0.2760697603225708,
      0.6164486408233643,
      0.9243696928024292,
      0.586650013923645,
      0.3764023780822754,
      0.3388885259628296,
      0.9120343923568726
    ],
    "2": [
      0.31419551372528076,
      0.2673344612121582,
      0.9240709543228149,
      0.3330799341201782,
      0.9700679779052734,
      0.027111172676086426,
      0.8635945320129395,
      0.43857455253601074,
      0.14669203758239746,
      0.6102848052978516,
      0.877183198928833,
      0.5061452388763428,
      0.24460721015930176,
      0.8595722913742065,
      0.8307020664215088,
      0.35754358768463135,
      0.8530770540237427,
      0.2681337594985962,
      0.48886871337890625,
      0.2715318202972412,
      0.3561556339263916,
      0.4777560234069824,
      0.8983014822006226,
      0.2383747100830078,
      0.8625413179397583,
      0.027076363563537598,
      0.11996257305145264,
      0.05141103267669678,
      0.27261674404144287,
      0.9409030675888062,
      0.28097081184387207,
      0.4925030469894409,
      0.08730030059814453,
      0.1306447982788086,
      0.8968766927719116,
      0.9179351329803467,
      0.3205549716949463,
      0.9681733846664429,
      0.588617205619812,
      0.2433326244354248,
      0.17679429054260254,
      0.9402192831039429,
      0.9666506052017212,
      0.4056645631790161,
      0.10347139835357666,
      0.09101128578186035,
      0.7708010673522949,
      0.03828322887420654,
      0.41748905181884766,
      0.8717261552810669,
      0.6111664772033691,
      0.03204083442687988,
      0.6227643489837646,
      0.20793282985687256,
      0.04856419563293457
    ],
    "3": [
      0.9152616262435913,
      0.05204474925994873,
      0.26717472076416016,
      0.8975728750228882,
      0.2809004783630371,
      0.33485233783721924,
      0.023467183113098145,
      0.6225583553314209,
      0.09047961235046387,
      0.5925161838531494,
      0.22023487091064453,
      0.36952877044677734,
      0.02432692050933838,
      0.6407742500305176,
      0.3839062452316284,
      0.1807868480682373,
      0.6560847759246826,
      0.11837947368621826,
      0.33946800231933594,
      0.4681054353713989,
      0.8411325216293335,
      0.05633842945098877,
      0.19319331645965576,
      0.299385666847229,
      0.5240153074264526,
      0.22459113597869873,
      0.7685787677764893,
      0.3683685064315796,
      0.2815970182418823,
      0.866347074508667,
      0.6363104581832886,
      0.5993311405181885,
      0.11383974552154541,
      0.8795750141143799,
      0.612202525138855,
      0.13655221462249756,
      0.8154017925262451,
      0.8761837482452393,
      0.205316424369812,
      0.1683485507965088,
      0.26918089389801025,
      0.48555994033813477,
      0.8484272956848145,
      0.0873725414276123,
      0.4484560489654541,
      0.7722654342651367,
      0.5277407169342041,
      0.35955607891082764,
      0.137595534324646,
      0.6681396961212158,
      0.31783032417297363,
      0.13701367378234863,
      0.2664473056793213,
      0.10063695907592773,
      0.3646160364151001
    ]
  }
}
