{
  "cols": 55,
  "data": {
    "0": [
      0.04156053066253662,
      0.4876382350921631,
      0.8973807096481323,
      0.7386891841888428,
      0.9326748847961426,
      0.48787641525268555,
      0.8309625387191772,
      0.28500962257385254,
      0.08598387241363525,
      0.791059136390686,
      0.4167889356613159,
      0.09895718097686768,
      0.06170785427093506,
      0.19790279865264893,
      0.18116676807403564,
      0.47789692878723145,
      0.07630455493927002,
      0.04857480525970459,
      0.47766828536987305,
      0.7576652765274048,
      0.1694200038909912,
      0.6663063764572144,
      0.6350033283233643,
      0.9268181324005127,
      0.25275540351867676,
      0.222784161567688,
      0.8332266807556152,
      0.6230283975601196,
      0.04109823703765869,
      0.03841757774353027,
      0.778343915939331,
      0.5683232545852661,
      0.3843938112258911,
      0.1325695514678955,
      0.5808478593826294,
      0.30704236030578613,
      0.09357404708862305,
      0.26860475540161133,
      0.17314958572387695,
      0.24422895908355713,
      0.42744243144989014,
      0.2829371690750122,
      0.4474523067474365,
      0.25640082359313965,
      0.5266287326812744,
      0.21973371505737305,
      0.46092987060546875,
      0.3387359380722046,
      0.03335225582122803,
      0.5772194862365723,
      0.46272778511047363,
      0.1732189655303955,
      0.3665210008621216,
      0.45892953872680664,
      0.4438527822494507
    ],
    "1": [
      0.11098158359527588,
      0.907402515411377,
      0.26925134658813477,
      0.631603479385376,
      0.22121655941009521,
      0.34997785091400146,
      0.8177486658096313,
      0.05161452293395996,
      0.9110649824142456,
      0.05063426494598389,
      0.4548461437225342,
      0.3278614282608032,
      0.944035530090332,
      0.017585396766662598,
      0.2962768077850342,
      0.1427093744277954,
      0.20757782459259033,
      0.05630075931549072,
      0.6358563899993896,
      0.45196425914764404,
      0.6288713216781616,
      0.7564829587936401,
      0.2909400463104248,
      0.717889666557312,
      0.8900558948516846,
      0.8950738906860352,
      0.4775693416595459,
      0.5701258182525635,
      0.006850242614746094,
      0.9175573587417603,
      0.39271271228790283,
      0.46361684799194336,
      0.9700793027877808,
      0.9704996347427368,
      0.4546654224395752,
      0.7163243293762207,
      0.3664623498916626,
      0.667117714881897,
      0.02357625961303711,
      0.6635515689849854,
      0.9032250642776489,
      0.7345253229141235,
      0.16569912433624268,
      0.3277369737625122,
      0.2697533369064331,
      0.9367072582244873,
      0.3168504238128662,
      0.2714500427246094,
      0.6063770055770874,
      0.6921862363815308,
      0.3831096887588501,
      0.9843183755874634,
      0.4646937847137451,
      0.05329740047454834,
      0.0057909488677978516
    ],
    "2": [
      0.3088850975036621,
      0.04677104949951172,
      0.7513611316680908,
      0.5713789463043213,
      0.13413465023040771,
      0.15371394157409668,
      0.2729322910308838,
      0.08737456798553467,
      0.2768094539642334,
      0.6036932468414307,
      0.9277429580688477,
      0.6208546161651611,
      0.029567956924438477,
      0.1819702386856079,
      0.8928350210189819,
      0.0889812707901001,
      0.5641316175460815,
      0.8328835964202881,
      0.5244946479797363,
      0.42479515075683594,
      0.41535627841949463,
      0.4049384593963623,
      0.3988150358200073,
      0.19475769996643066,
      0.8576985597610474,
      0.10786104202270508,
      0.798734188079834,
      0.50494384765625,
      0.04891657829284668,
      0.017336249351501465,
      0.6756173372268677,
      0.16140007972717285,
      0.9175574779510498,
      0.19813072681427002,
      0.6592206954956055,
      0.37095677852630615,
      0.8351484537124634,
      0.5558828115463257,
      0.8047579526901245,
      0.3025416135787964,
      0.49611997604370117,
      0.9087318181991577,
      0.2602698802947998,
      0.8554664850234985,
      0.7422189712524414,
      0.6095150709152222,
      0.6407297849655151,
      0.8308181762695313,
      0.45584189891815186,
      0.9216839075088501,
      0.302138090133667,
      0.3036998510360718,
      0.0014922618865966797,
      0.5512790679931641,
      0.8619247674942017
    ],
    "3": [
      0.7243454456329346,
      0.7542396783828735,
      0.8112839460372925,
      0.7669451236724854,
      0.20103228092193604,
      0.8172852993011475,
      0.739333987236023,
      0.7126301527023315,
      0.6980242729187012,
      0.6895047426223755,
      0.10778641700744629,
      0.19835329055786133,
      0.006453275680541992,
      0.7918058633804321,
      0.4507322311401367,
      0.3280435800552368,
      0.050728678703308105,
      0.028482913970947266,
      0.9641823768615723,
      0.3155921697616577,
      0.7376340627670288,
      0.6892009973526001,
      0.20731985569000244,
      0.36665499210357666,
      0.7075232267379761,
      0.68189537525177,
      0.36111462116241455,
      0.41679346561431885,
      0.4190785884857178,
      0.2869678735733032,
      0.6509606838226318,
      0.3477109670639038,
      0.41121017932891846,
      0.5641480684280396,
      0.7217468023300171,
      0.343716025352478,
      0.15160620212554932,
      0.41177594661712646,
      0.015806913375854492,
      0.0755157470703125,
      0.23278319835662842,
      0.0700308084487915,
      0.06858372688293457,
      0.5941298007965088,
      0.22052180767059326,
      0.5663334131240845,
      0.9338064193725586,
      0.40606582164764404,
      0.011115074157714844,
      0.8975354433059692,
      0.8432959318161011,
      0.61512291431427,
      0.9890396595001221,
      0.28065741062164307,
      0.2686922550201416
    ]
  }
}
