{
  "cols": 55,
  "data": {
    "0": [
      0.3212096691131592,
      0.877180814743042,
      0.05345344543457031,
      0.36342334747314453,
      0.9730920791625977,
      0.14203214645385742,
      0.8504281044006348,
      0.9243965148925781,
      0.7679921388626099,
      0.8533860445022583,
      0.364620566368103,
      0.6687374114990234,
      0.9787778854370117,
      0.3081103563308716,
      0.05175590515136719,
      0.3823918104171753,
      0.5470526218414307,
      0.45767462253570557,
      0.035649657249450684,
      0.0294950008392334,
      0.9392356872558594,
      0.4307582378387451,
      0.9038667678833008,
      0.17869877815246582,
      0.2106703519821167,
      0.9445657730102539,
      0.6199095249176025,
      0.033704161643981934,
      0.22549402713775635,
      0.5133166313171387,
      0.8441503047943115,
      0.969444751739502,
      0.18606257438659668,
      0.2770477533340454,
      0.08391380310058594,
      0.23388147354125977,
      0.6153049468994141,
      0.7988914251327515,
      0.42058467864990234,
      0.2887141704559326,
      0.02787601947784424,
      0.20172297954559326,
      0.8666286468505859,
      0.041132330894470215,
      0.7755962610244751,
      0.7509899139404297,
      0.2367161512374878,
      0.5207424163818359,
      0.43807291984558105,
      0.011791348457336426,
      0.6484110355377197,
      0.27269303798675537,
      0.2554900646209717,
      0.2811940908432007,
      0.9043834209442139
    ],
    "1": [
      0.8012785911560059,
      0.950804591178894,
      0.05157005786895752,
      0.8878438472747803,
      0.22117257118225098,
      0.5783319473266602,
      0.8151023387908936,
      0.06573140621185303,
      0.7479665279388428,
      0.5827445983886719,
      0.08765697479248047,
      0.3876277208328247,
      0.3115657567977905,
      0.35867321491241455,
      0.2264392375946045,
      0.40675783157348633,
      0.22460317611694336,
      0.2909942865371704,
      0.4282093048095703,
      0.7986246347427368,
      0.7493346929550171,
      0.8237545490264893,
      0.7313581705093384,
      0.6733241081237793,
      0.8570466041564941,
      0.1613907814025879,
      0.04888260364532471,
      0.034258484840393066,
      0.8061234951019287,
      0.049308061599731445,
      0.20073533058166504,
      0.39513635635375977,
      0.12552928924560547,
      0.5452027320861816,
      0.39524948596954346,
      0.16174232959747314,
      0.8330641984939575,
      0.09962761402130127,
      0.32237517833709717,
      0.11811864376068115,
      0.9479671716690063,
      0.5577232837677002,
      0.7724562883377075,
      0.9236886501312256,
      0.4436299800872803,
      0.5432261228561401,
      0.37326276302337646,
      0.6737707853317261,
      0.41745877265930176,
      0.5283995866775513,
      0.5747535228729248,
      0.8825807571411133,
      0.6364002227783203,
      0.02696669101715088,
      0.7180067300796509
    ],
    "2": [
      0.8907217979431152,
      0.28575897216796875,
      0.027788758277893066,
      0.3291447162628174,
      0.8608419895172119,
      0.27747082710266113,
      0.04714500904083252,
      0.5623655319213867,
      0.03968095779418945,
      0.4628559350967407,
      0.9339993000030518,
      0.8841149806976318,
      0.15059387683868408,
      0.47141849994659424,
      0.14413678646087646,
      0.29887962341308594,
      0.9854384660720825,
      0.4822063446044922,
      0.6363842487335205,
      0.1786125898361206,
      0.4420933723449707,
      0.13561952114105225,
      0.5023270845413208,
      0.8541121482849121,
      0.23650670051574707,
      0.9985861778259277,
      0.020202159881591797,
      0.12195563316345215,
      0.16900134086608887,
      0.5304316282272339,
      0.33740925788879395,
      0.4607449769973755,
      0.08711552619934082,
      0.6659408807754517,
      0.08962500095367432,
      0.008960962295532227,
      0.9249628782272339,
      0.9935499429702759,
      0.9030243158340454,
      0.4165102243423462,
      0.5816304683685303,
      0.12734746932983398,
      0.5943417549133301,
      0.4298754930496216,
      0.7818179130554199,
      0.5493197441101074,
      0.012103080749511719,
      0.6305663585662842,
      0.7666114568710327,
      0.47380518913269043,
      0.07016515731811523,
      0.626396656036377,
      0.8747910261154175,
      0.853366494178772,
      0.9457371234893799
    ],
    "3": [
      0.5657747983932495,
      0.930535078048706,
      0.24839651584625244,
      0.9682799577713013,
      0.25334465503692627,
      0.9412569999694824,
      0.8591281175613403,
      0.15954947471618652,
      0.18324387073516846,
      0.6760462522506714,
      0.26248300075531006,
      0.963326096534729,
      0.9862060546875,
      0.15625762939453125,
      0.781771183013916,
      0.8435823917388916,
      0.07787799835205078,
      0.45994722843170166,
      0.004834532737731934,
      0.3917551040649414,
      0.8190762996673584,
      0.4506700038909912,
      0.18181538581848145,
      0.8559880256652832,
      0.5921591520309448,
      0.8707499504089355,
      0.6981885433197021,
      0.2106494903564453,
      0.8915892839431763,
      0.5029091835021973,
      0.43469417095184326,
      0.3002808094024658,
      0.29521799087524414,
      0.6852668523788452,
      0.3497316837310791,
      0.8225703239440918,
      0.09797656536102295,
      0.4961690902709961,
      0.9134358167648315,
      0.8910794258117676,
      0.7620495557785034,
      0.3681650161743164,
      0.6676825284957886,
      0.8574402332305908,
      0.8186440467834473,
      0.6994495391845703,
      0.1252838373184204,
      0.32170069217681885,
      0.398601770401001,
      0.41880786418914795,
      0.5910176038742065,
      0.505338191986084,
      0.557246208190918,
      0.7575377225875854,
      0.6177797317504883
    ]
  }
}
