{
  "cols": 55,
  "data": {
    "0": [
      0.6663533449172974,
      0.00022602081298828125,
      0.2396402359008789,
      0.0647507905960083,
      0.09974551200866699,
      0.8977615833282471,
      0.5562640428543091,
      0.5542511940002441,
      0.09450697898864746,
      0.06839942932128906,
      0.12448656558990479,
      0.6379534006118774,
      0.35366272926330566,
      0.801221489906311,
      0.4002639055252075,
      0.8273497819900513,
      0.9668189287185669,
      0.24784457683563232,
      0.9675607681274414,
      0.9322079420089722,
      0.059564828872680664,
      0.49319422245025635,
      0.6393275260925293,
      0.061878085136413574,
      0.4989537000656128,
      0.6820014715194702,
      0.12320733070373535,
      0.7772432565689087,
      0.012344717979431152,
      0.5628811120986938,
      0.6057827472686768,
      0.025107264518737793,
      0.9373908042907715,
      0.2214643955230713,
      0.49179136753082275,
      0.7604386806488037,
      0.8869858980178833,
      0.4848133325576782,
      0.6869289875030518,
      0.5413265228271484,
      0.2610248327255249,
      0.013439297676086426,
      0.49139928817749023,
      0.5961631536483765,
      0.42821288108825684,
      0.4291616678237915,
      0.48879504203796387,
      0.4911686182022095,
      0.8548474311828613,
      0.982458233833313,
      0.002276182174682617,
      0.7704641819000244,
      0.08039295673370361,
      0.5559860467910767,
      0.34771573543548584
    ],
    "1": [
      0.094565749168396,
      0.34165847301483154,
      0.002948284149169922,
      0.4612753391265869,
      0.5355982780456543,
      0.14422070980072021,
      0.5165280103683472,
      0.02408599853515625,
      0.19963538646697998,
      0.34422755241394043,
      0.7529246807098389,
      0.5589210987091064,
      0.10635185241699219,
      0.37794923782348633,
      0.985708475112915,
      0.5648369789123535,
      0.7781383991241455,
      0.16946852207183838,
      0.6397207975387573,
      0.025875210762023926,
      0.1397334337234497,
      0.0235445499420166,
      0.586595892906189,
      0.7774981260299683,
      0.41609930992126465,
      0.2552758455276489,
      0.5706741809844971,
      0.7739287614822388,
      0.514583945274353,
      0.5725575685501099,
      0.2031233310699463,
      0.9340120553970337,
      0.743492841720581,
      0.8376435041427612,
      0.18618237972259521,
      0.7462112903594971,
      0.9953662157058716,
      0.8740271329879761,
      0.5886006355285645,
      0.9885449409484863,
      0.46540212631225586,
      0.5846421718597412,
      0.7565670013427734,
      0.33381736278533936,
      0.18337082862854004,
      0.3092215061187744,
      0.8181304931640625,
      0.9797556400299072,
      0.9258272647857666,
      0.039165616035461426,
      0.5604544878005981,
      0.9197865724563599,
      0.33768439292907715,
      0.0892258882522583,
      0.35819482803344727
    ],
    "2": [
      0.16163039207458496,
      0.33380281925201416,
      0.14233636856079102,
      0.54660964012146,
      0.909731388092041,
      0.8573355674743652,
      0.4929840564727783,
      0.4717080593109131,
      0.2782808542251587,
      0.723341703414917,
      0.5705316066741943,
      0.19749248027801514,
      0.12331068515777588,
      0.6228654384613037,
      0.2600499391555786,
      0.07985031604766846,
      0.16247618198394775,
      0.04359591007232666,
      0.6725654602050781,
      0.13935601711273193,
      0.028027653694152832,
      0.11327362060546875,
      0.688308596611023,
      0.9149808883666992,
      0.8073540925979614,
      0.9363521337509155,
      0.5441946983337402,
      0.14162993431091309,
      0.521216869354248,
      0.24391794204711914,
      0.022205710411071777,
      0.8148826360702515,
      0.7215640544891357,
      0.4048142433166504,
      0.7453984022140503,
      0.5640339851379395,
      0.916132926940918,
      0.03636622428894043,
      0.9149153232574463,
      0.10726714134216309,
      0.9774215221405029,
      0.7055858373641968,
      0.5959841012954712,
      0.7672345638275146,
      0.5568356513977051,
      0.9785914421081543,
      0.08985602855682373,
      0.27843213081359863,
      0.08148622512817383,
      0.6196377277374268,
      0.31416475772857666,
      0.10064518451690674,
      0.5864666700363159,
      0.2942326068878174,
      0.12775170803070068
    ],
    "3": [
      0.5554414987564087,
      0.4907189607620239,
      0.8191553354263306,
      0.44732773303985596,
      0.665103554725647,
      0.6835994720458984,
      0.3146495819091797,
      0.6904637813568115,
      0.22922790050506592,
      0.1026918888092041,
      0.560702919960022,
      0.35277819633483887,
      0.9161823987960815,
      0.3487095832824707,
      0.538837194442749,
      0.5255192518234253,
      0.38929104804992676,
      0.49567902088165283,
      0.9102703332901001,
      0.1577051877975464,
      0.4806579351425171,
      0.9492921829223633,
      0.2500009536743164,
      0.4107705354690552,
      0.3670724630355835,
      0.3291468620300293,
      0.4736759662628174,
      0.9032963514328003,
      0.14900636672973633,
      0.5455642938613892,
      0.3778117895126343,
      0.8580019474029541,
      0.02725052833557129,
      0.23193013668060303,
      0.689475417137146,
      0.7226924896240234,
      0.2241727113723755,
      0.41928088665008545,
      0.16685962677001953,
      0.23528361320495605,
      0.7278883457183838,
      0.42410874366760254,
      0.7593374252319336,
      0.13666141033172607,
      0.6895428895950317,
      0.7768105268478394,
      0.0706183910369873,
      0.1625962257385254,
      0.4762362241744995,
      0.7657293081283569,
      0.6138983964920044,
      0.9660784006118774,
      0.8397094011306763,
      0.6385380029678345,
      0.12005388736724854
    ]
  }
}
