{
  "cols": 3,
  "data": {
    "1": [
      0.0,
      0.0,
      1.0
    ],
    "10": [
      0.0024453122168779373,
      0.489759624004364,
      0.9996892213821411
    ],
    "2": [
      1.0,
      0.0,
      0.0
    ],
    "3": [
      1.0,
      0.0,
      1.0
    ],
    "4": [
      1.0,
      1.0,
      0.0
    ],
    "5": [
      1.0,
      1.0,
      1.0
    ],
    "7": [
      0.0,
      1.0,
      1.0
    ],
    "8": [
      0.0,
      0.0,
      0.0
    ],
    "9": [
      0.0,
      1.0,
      0.0
    ]
  }
}
