{
  "cols": 3,
  "data": {
    "0": [
      0.0,
      0.0,
      0.0
    ],
    "1": [
      0.0,
      0.0,
      1.0
    ],
    "10": [
      0.5001373291015625,
      0.4816446602344513,
      0.4970061480998993
    ],
    "2": [
      1.0,
      0.0,
      0.0
    ],
    "3": [
      1.0,
      0.0,
      1.0
    ],
    "4": [
      1.0,
      1.0,
      1.0
    ]
  }
}
