{
  "cols": 3,
  "data": {
    "0": [
      0.0,
      0.0,
      0.0
    ],
    "10": [
      0.005834127776324749,
      0.0035515138879418373,
      0.999413251876831
    ],
    "2": [
      1.0,
      0.0,
      0.0
    ],
    "3": [
      1.0,
      0.0,
      1.0
    ],
    "5": [
      1.0,
      1.0,
      1.0
    ],
    "6": [
      0.0,
      1.0,
      0.0
    ],
    "7": [
      0.0,
      1.0,
      1.0
    ],
    "8": [
      1.0,
      1.0,
      0.0
    ],
    "9": [
      0.0,
      1.0,
      0.0
    ]
  }
}
