{
  "cols": 31,
  "data": {
    "0": [
      0.3826709985733032,
      0.9370651245117188,
      0.9760489463806152,
      0.061263322830200195,
      0.9785453081130981,
      0.9359661340713501,
      0.3993997573852539,
      0.7558884620666504,
      0.7534117698669434,
      0.641207218170166,
      0.4185171127319336,
      0.029018282890319824,
      0.8855476379394531,
      0.7937424182891846,
      0.4404078722000122,
      0.6530599594116211,
      0.6979011297225952,
      0.5529965162277222,
      0.8817932605743408,
      0.2624732255935669,
      0.4615596532821655,
      0.22464239597320557,
      0.38579559326171875,
      0.16965734958648682,
      0.5317631959915161,
      0.7359834909439087,
      0.8277127742767334,
      0.44666993618011475,
      0.176702618598938,
      0.34740114212036133,
      0.13996446132659912
    ],
    "1": [
      0.5985034704208374,
      0.4610656499862671,
      0.30335116386413574,
      0.6966861486434937,
      0.40154707431793213,
      0.6517549753189087,
      0.8113085031509399,
      0.06230568885803223,
      0.28805458545684814,
      0.007577061653137207,
      0.0976637601852417,
      0.8692607879638672,
      0.9200482368469238,
      0.45251262187957764,
      0.6599570512771606,
      0.26454341411590576,
      0.04525125026702881,
      0.5656442642211914,
      0.6291583776473999,
      0.963959813117981,
      0.9882689714431763,
      0.09364092350006104,
      0.003430962562561035,
      0.2418116331100464,
      0.0144730806350708,
      0.19960713386535645,
      0.03195548057556152,
      0.4430270195007324,
      0.14318645000457764,
      0.5310764312744141,
      0.9784629344940186
    ],
    "2": [
      0.04408228397369385,
      0.2245849370956421,
      0.18998539447784424,
      0.27587103843688965,
      0.37345147132873535,
      0.5287684202194214,
      0.79742431640625,
      0.3536456823348999,
      0.20273911952972412,
      0.4952651262283325,
      0.16108155250549316,
      0.5156621932983398,
      0.9629127979278564,
      0.7845659255981445,
      0.16733205318450928,
      0.6339010000228882,
      0.6804289817810059,
      0.045438528060913086,
      0.6897492408752441,
      0.49675846099853516,
      0.5090136528015137,
      0.7446997165679932,
      0.17873060703277588,
      0.8581922054290771,
      0.9213398694992065,
      0.24752604961395264,
      0.4946730136871338,
      0.28870677947998047,
      0.6072237491607666,
      0.8817113637924194,
      0.7410839796066284
    ],
    "3": [
      0.2555575370788574,
      0.32603704929351807,
      0.7450370788574219,
      0.8186122179031372,
      0.8255007266998291,
      0.43565404415130615,
      0.20158231258392334,
      0.1485288143157959,
      0.42454206943511963,
      0.608928918838501,
      0.669974684715271,
      0.7404168844223022,
      0.5390496253967285,
      0.29270505905151367,
      0.12364780902862549,
      0.8248451948165894,
      0.9292178153991699,
      0.560258150100708,
      0.43669939041137695,
      0.8272678852081299,
      0.8836028575897217,
      0.6321965456008911,
      0.9375520944595337,
      0.15957725048065186,
      0.6315722465515137,
      0.6875143051147461,
      0.6995757818222046,
      0.3963967561721802,
      0.7225242853164673,
      0.09436309337615967,
      0.6038610935211182
    ],
    "4": [
      0.9668782949447632,
      0.3437063694000244,
      0.9624420404434204,
      0.05100858211517334,
      0.5224781036376953,
      0.23306310176849365,
      0.7454180717468262,
      0.3148312568664551,
      0.6497647762298584,
      0.5471060276031494,
      0.8482714891433716,
      0.35744500160217285,
      0.4585474729537964,
      0.3158477544784546,
      0.26685523986816406,
      0.47940778732299805,
      0.520172119140625,
      0.7372035980224609,
      0.9736933708190918,
      0.7592601776123047,
      0.8124498128890991,
      0.2867337465286255,
      0.30443108081817627,
      0.7334648370742798,
      0.48721349239349365,
      0.18729281425476074,
      0.8223780393600464,
      0.823814868927002,
      0.6560404300689697,
      0.8277591466903687,
      0.9783312082290649
    ],
    "5": [
      0.3328186273574829,
      0.4472522735595703,
      0.6786874532699585,
      0.5810550451278687,
      0.7646304368972778,
      0.22629082202911377,
      0.37926721572875977,
      0.34034276008605957,
      0.5312438011169434,
      0.8169263601303101,
      0.9035506248474121,
      0.3111222982406616,
      0.5039218664169312,
      0.9569047689437866,
      0.455700159072876,
      0.34576356410980225,
      0.5488773584365845,
      0.445523738861084,
      0.20835959911346436,
      0.9035823345184326,
      0.36377251148223877,
      0.05534183979034424,
      0.26199281215667725,
      0.40584564208984375,
      0.662680983543396,
      0.055414557456970215,
      0.9277771711349487,
      0.008745312690734863,
      0.31441354751586914,
      0.6062815189361572,
      0.5173499584197998
    ],
    "6": [
      0.8989335298538208,
      0.09211587905883789,
      0.5022585391998291,
      0.028331279754638672,
      0.13023459911346436,
      0.08738446235656738,
      0.15177035331726074,
      0.6014195680618286,
      0.16456115245819092,
      0.36831235885620117,
      0.8752298355102539,
      0.4182177782058716,
      0.4268457889556885,
      0.9063231945037842,
      0.742225170135498,
      0.904383659362793,
      0.3102167844772339,
      0.5070921182632446,
      0.8237510919570923,
      0.793349027633667,
      0.6355807781219482,
      0.8671644926071167,
      0.7598562240600586,
      0.47263872623443604,
      0.7839392423629761,
      0.5347691774368286,
      0.3833127021789551,
      0.3872218132019043,
      0.7168539762496948,
      0.8639893531799316,
      0.25549542903900146
    ],
    "7": [
      0.6017602682113647,
      0.7041879892349243,
      0.8225539922714233,
      0.817706823348999,
      0.4047349691390991,
      0.25504255294799805,
      0.7986258268356323,
      0.8713334798812866,
      0.05020308494567871,
      0.6794854402542114,
      0.10889565944671631,
      0.07308673858642578,
      0.18086957931518555,
      0.8909357786178589,
      0.2013232707977295,
      0.7624995708465576,
      0.28528308868408203,
      0.8670495748519897,
      0.9905298948287964,
      0.21335077285766602,
      0.7518616914749146,
      0.7181991338729858,
      0.004956364631652832,
      0.39738035202026367,
      0.7823559045791626,
      0.27344226837158203,
      0.2687222957611084,
      0.9387894868850708,
      0.3716440200805664,
      0.9685380458831787,
      0.9793440103530884
    ]
  }
}
