{
  "cols": 31,
  "data": {
    "0": [
      0.7955540418624878,
      0.7493067979812622,
      0.679893970489502,
      0.06987273693084717,
      0.22528016567230225,
      0.48360908031463623,
      0.5258578062057495,
      0.09427833557128906,
      0.01813638210296631,
      0.41378140449523926,
      0.6188465356826782,
      0.9352675676345825,
      0.7716761827468872,
      0.905553936958313,
      0.37141215801239014,
      0.10669147968292236,
      0.17423486709594727,
      0.9401544332504272,
      0.1289290189743042,
      0.22631943225860596,
      0.3437323570251465,
      0.9108847379684448,
      0.3339509963989258,
      0.24782180786132813,
      0.8886748552322388,
      0.675716757774353,
      0.08883357048034668,
      0.3621809482574463,
      0.46932828426361084,
      0.14405667781829834,
      0.18345153331756592
    ],
    "1": [
      0.7209142446517944,
      0.325586199760437,
      0.4979429244995117,
      0.6902709007263184,
      0.6509565114974976,
      0.6987898349761963,
      0.2614551782608032,
      0.9231210947036743,
      0.40252411365509033,
      0.21028053760528564,
      0.40544235706329346,
      0.9691733121871948,
      0.8355485200881958,
      0.9384453296661377,
      0.26898932456970215,
      0.6602030992507935,
      0.7657426595687866,
      0.17625653743743896,
      0.37163209915161133,
      0.2950960397720337,
      0.5545657873153687,
      0.02077925205230713,
      0.27556538581848145,
      0.6540969610214233,
      0.740268349647522,
      0.21701157093048096,
      0.6295111179351807,
      0.8355607986450195,
      0.5056325197219849,
      0.3753145933151245,
      0.8548647165298462
    ],
    "2": [
      0.5325955152511597,
      0.7083462476730347,
      0.5225003957748413,
      0.011797070503234863,
      0.17079651355743408,
      0.5322962999343872,
      0.08616757392883301,
      0.2594503164291382,
      0.6716790199279785,
      0.5594794750213623,
      0.6995636224746704,
      0.6144626140594482,
      0.6648801565170288,
      0.6033958196640015,
      0.8063523769378662,
      0.45593130588531494,
      0.2189626693725586,
      0.05209052562713623,
      0.41317951679229736,
      0.2220156192779541,
      0.12535226345062256,
      0.46624088287353516,
      0.13859927654266357,
      0.9649847745895386,
      0.26560401916503906,
      0.1829240322113037,
      0.9987881183624268,
      0.7124440670013428,
      0.7074846029281616,
      0.05488753318786621,
      0.9287793636322021
    ],
    "3": [
      0.5471400022506714,
      0.8844960927963257,
      0.3183497190475464,
      0.2649146318435669,
      0.5379652976989746,
      0.33972322940826416,
      0.2066798210144043,
      0.46193385124206543,
      0.4960904121398926,
      0.9634515047073364,
      0.1889406442642212,
      0.4802910089492798,
      0.36479318141937256,
      0.5197768211364746,
      0.1312716007232666,
      0.2993549108505249,
      0.5532556772232056,
      0.8584519624710083,
      0.7228840589523315,
      0.577246904373169,
      0.7940877676010132,
      0.03806781768798828,
      0.927506685256958,
      0.6307615041732788,
      0.003065943717956543,
      0.5778586864471436,
      0.17132973670959473,
      0.58214271068573,
      0.4775521755218506,
      0.32276761531829834,
      0.29077112674713135
    ],
    "4": [
      0.5053136348724365,
      0.5115953683853149,
      0.5238789319992065,
      0.00863349437713623,
      0.5722424983978271,
      0.36103367805480957,
      0.3704383373260498,
      0.4600710868835449,
      0.39791345596313477,
      0.7858569622039795,
      0.58372962474823,
      0.3837379217147827,
      0.4116051197052002,
      0.7800616025924683,
      0.46601128578186035,
      0.81638503074646,
      0.7786279916763306,
      0.3919651508331299,
      0.39152395725250244,
      0.2698335647583008,
      0.8628144264221191,
      0.9228090047836304,
      0.9744291305541992,
      0.7691918611526489,
      0.01593315601348877,
      0.8747450113296509,
      0.9967515468597412,
      0.8193614482879639,
      0.08837473392486572,
      0.05344891548156738,
      0.9128409624099731
    ],
    "5": [
      0.2951180934906006,
      0.7565352916717529,
      0.03772604465484619,
      0.9736146926879883,
      0.10599696636199951,
      0.12138986587524414,
      0.9305089712142944,
      0.47020554542541504,
      0.8062620162963867,
      0.4514501094818115,
      0.578044056892395,
      0.3926290273666382,
      0.4607142210006714,
      0.04235708713531494,
      0.13047540187835693,
      0.0024878978729248047,
      0.545552134513855,
      0.6835830211639404,
      0.16894233226776123,
      0.3294212818145752,
      0.8834679126739502,
      0.14383423328399658,
      0.9836627244949341,
      0.748239278793335,
      0.10901772975921631,
      0.3107187747955322,
      0.22865712642669678,
      0.20119023323059082,
      0.4398212432861328,
      0.011859893798828125,
      0.5097606182098389
    ],
    "6": [
      0.4859910011291504,
      0.7253334522247314,
      0.4450550079345703,
      0.9060263633728027,
      0.7303876876831055,
      0.483079195022583,
      0.051187872886657715,
      0.16003453731536865,
      0.9588320255279541,
      0.7263621091842651,
      0.07706904411315918,
      0.9740066528320313,
      0.2442835569381714,
      0.8171981573104858,
      0.5822820663452148,
      0.3884737491607666,
      0.3610588312149048,
      0.8713055849075317,
      0.3425300121307373,
      0.4855548143386841,
      0.4141277074813843,
      0.04591476917266846,
      0.36124157905578613,
      0.9618347883224487,
      0.4031165838241577,
      0.46591687202453613,
      0.05282306671142578,
      0.1806544065475464,
      0.4410024881362915,
      0.2606179714202881,
      0.9281946420669556
    ],
    "7": [
      0.30623364448547363,
      0.018845200538635254,
      0.29563653469085693,
      0.13027143478393555,
      0.10873055458068848,
      0.5486612319946289,
      0.2604457139968872,
      0.6142392158508301,
      0.680051326751709,
      0.03112637996673584,
      0.4576297998428345,
      0.9759562015533447,
      0.6493242979049683,
      0.8857523202896118,
      0.8745880126953125,
      0.6071441173553467,
      0.1620016098022461,
      0.26680922508239746,
      0.8338519334793091,
      0.5071511268615723,
      0.9500141143798828,
      0.024260759353637695,
      0.3568902015686035,
      0.5743194818496704,
      0.26097774505615234,
      0.3637537956237793,
      0.08792519569396973,
      0.1323763132095337,
      0.3401111364364624,
      0.9392596483230591,
      0.48391056060791016
    ]
  }
}
