{
  "cols": 31,
  "data": {
    "0": [
      0.834466814994812,
      0.5521477460861206,
      0.22150754928588867,
      0.7207367420196533,
      0.9084445238113403,
      0.783460259437561,
      0.3649204969406128,
      0.16714036464691162,
      0.8095641136169434,
      0.9069619178771973,
      0.33794891834259033,
      0.42796921730041504,
      0.39733684062957764,
      0.28966081142425537,
      0.81913161277771,
      0.06513392925262451,
      0.46734797954559326,
      0.673225998878479,
      0.9217613935470581,
      0.6788463592529297,
      0.6531305313110352,
      0.05604374408721924,
      0.3454233407974243,
      0.6915627717971802,
      0.42045319080352783,
      0.780203104019165,
      0.0034714937210083008,
      0.7880791425704956,
      0.14982736110687256,
      0.8008025884628296,
      0.9828011989593506
    ],
    "10": [
      0.44888031482696533,
      0.030364990234375,
      0.9145649671554565,
      0.17377805709838867,
      0.45988667011260986,
      0.9139039516448975,
      0.82183837890625,
      0.8579211235046387,
      0.8718252182006836,
      0.574776291847229,
      0.1344228982925415,
      0.9791697263717651,
      0.5038032531738281,
      0.13412940502166748,
      0.6982462406158447,
      0.7346373796463013,
      0.13934922218322754,
      0.40101122856140137,
      0.556859016418457,
      0.5256942510604858,
      0.2964150905609131,
      0.42015743255615234,
      0.017856836318969727,
      0.1846832036972046,
      0.6572785377502441,
      0.6439872980117798,
      0.1419147253036499,
      0.7832326889038086,
      0.7255284786224365,
      0.09238302707672119,
      0.9127368927001953
    ],
    "2": [
      0.5361326932907104,
      0.33233392238616943,
      0.1271076202392578,
      0.1794675588607788,
      0.934840202331543,
      0.22080552577972412,
      0.005682229995727539,
      0.7383575439453125,
      0.7753902673721313,
      0.7185389995574951,
      0.5741163492202759,
      0.35411059856414795,
      0.813901424407959,
      0.3113611936569214,
      0.26115214824676514,
      0.29578495025634766,
      0.7477872371673584,
      0.6692526340484619,
      0.6806776523590088,
      0.32544028759002686,
      0.9984155893325806,
      0.6325459480285645,
      0.6074559688568115,
      0.3096059560775757,
      0.6372461318969727,
      0.4706341028213501,
      0.9429782629013062,
      0.47754597663879395,
      0.6771916151046753,
      0.7157999277114868,
      0.10656630992889404
    ],
    "3": [
      0.7842594385147095,
      0.14249658584594727,
      0.5701133012771606,
      0.46389472484588623,
      0.6920621395111084,
      0.21672987937927246,
      0.5698893070220947,
      0.3592122793197632,
      0.11270368099212646,
      0.23019099235534668,
      0.6692252159118652,
      0.2797520160675049,
      0.0955052375793457,
      0.7598059177398682,
      0.12213504314422607,
      0.8658610582351685,
      0.6619417667388916,
      0.4985051155090332,
      0.8100866079330444,
      0.1778120994567871,
      0.45819759368896484,
      0.3466956615447998,
      0.5853508710861206,
      0.11734199523925781,
      0.029500603675842285,
      0.6225264072418213,
      0.3439136743545532,
      0.17392349243164063,
      0.8815344572067261,
      0.9500993490219116,
      0.2768375873565674
    ],
    "5": [
      0.24425792694091797,
      0.4309753179550171,
      0.5889091491699219,
      0.8670893907546997,
      0.9992194175720215,
      0.052204132080078125,
      0.9466220140457153,
      0.6048698425292969,
      0.9708694219589233,
      0.7860586643218994,
      0.18030250072479248,
      0.7417576313018799,
      0.5985500812530518,
      0.5955603122711182,
      0.20103895664215088,
      0.8387694358825684,
      0.306873083114624,
      0.245255708694458,
      0.6669633388519287,
      0.5863275527954102,
      0.8809173107147217,
      0.9934951066970825,
      0.37234342098236084,
      0.13811230659484863,
      0.9840868711471558,
      0.22543668746948242,
      0.22330009937286377,
      0.7494808435440063,
      0.27766668796539307,
      0.5070209503173828,
      0.6533241271972656
    ],
    "6": [
      0.7046691179275513,
      0.992590069770813,
      0.03670072555541992,
      0.34752357006073,
      0.011010885238647461,
      0.03825223445892334,
      0.6495888233184814,
      0.5073837041854858,
      0.7293224334716797,
      0.5028055906295776,
      0.22671079635620117,
      0.7376552820205688,
      0.1981797218322754,
      0.06702697277069092,
      0.919791579246521,
      0.7085660696029663,
      0.6459307670593262,
      0.5012872219085693,
      0.26285064220428467,
      0.8069561719894409,
      0.3806215524673462,
      0.5504624843597412,
      0.46462225914001465,
      0.44884192943573,
      0.07153463363647461,
      0.7458181381225586,
      0.30232930183410645,
      0.9067418575286865,
      0.06973814964294434,
      0.4011249542236328,
      0.9469470977783203
    ],
    "7": [
      0.11711711436510086,
      0.45045045018196106,
      0.522522509098053,
      0.5135135054588318,
      0.16363635659217834,
      0.7272727489471436,
      0.9074702262878418,
      0.006247997283935547,
      0.2760061025619507,
      0.06436097621917725,
      0.9868264198303223,
      0.9955348968505859,
      0.3152177333831787,
      0.2980283498764038,
      0.5193064212799072,
      0.8697638511657715,
      1.0,
      0.18421052396297455,
      0.6666666865348816,
      0.17874133586883545,
      0.7569001913070679,
      0.49799394607543945,
      1.0,
      0.8859649300575256,
      0.7054780721664429,
      0.7124825716018677,
      0.4636884927749634,
      0.5099470615386963,
      0.38466763496398926,
      0.12612612545490265,
      0.9300793409347534
    ],
    "8": [
      0.7811657190322876,
      0.9513791799545288,
      0.13482415676116943,
      0.8112702369689941,
      0.861199140548706,
      0.8852444887161255,
      0.9772617816925049,
      0.8765754699707031,
      0.5480005741119385,
      0.1830306053161621,
      0.3290451765060425,
      0.04595589637756348,
      0.5358519554138184,
      0.8860645294189453,
      0.8199857473373413,
      0.3528478145599365,
      0.812665581703186,
      0.0526881217956543,
      0.3391469717025757,
      0.9665614366531372,
      0.32954466342926025,
      0.43981027603149414,
      0.04179525375366211,
      0.47917819023132324,
      0.03217613697052002,
      0.975659966468811,
      0.9023668766021729,
      0.6693150997161865,
      0.5795365571975708,
      0.43000543117523193,
      0.39529168605804443
    ],
    "9": [
      0.027035236358642578,
      0.6484864950180054,
      0.7583377361297607,
      0.540895938873291,
      0.012473702430725098,
      0.7372314929962158,
      0.14918875694274902,
      0.9452735185623169,
      0.3766024112701416,
      0.5250176191329956,
      0.11025464534759521,
      0.8891438245773315,
      0.5203063488006592,
      0.9543701410293579,
      0.006626486778259277,
      0.1661996841430664,
      0.7736339569091797,
      0.2278357744216919,
      0.9456654787063599,
      0.867119550704956,
      0.6983127593994141,
      0.6486451625823975,
      0.7429378032684326,
      0.5290051698684692,
      0.2429898977279663,
      0.5032446384429932,
      0.32360053062438965,
      0.550369381904602,
      0.0535808801651001,
      0.2772589921951294,
      0.2714955806732178
    ]
  }
}
