{
  "cols": 31,
  "data": {
    "1": [
      0.40202033519744873,
      0.7771819829940796,
      0.201452374458313,
      0.11259090900421143,
      0.6032307147979736,
      0.526050329208374,
      0.7384748458862305,
      0.8396016359329224,
      0.1669909954071045,
      0.6793330907821655,
      0.25799763202667236,
      0.7364623546600342,
      0.1866074800491333,
      0.025082945823669434,
      0.42241179943084717,
      0.5507510900497437,
      0.3936513662338257,
      0.36403942108154297,
      0.9234212636947632,
      0.8453689813613892,
      0.46641623973846436,
      0.444372296333313,
      0.04901397228240967,
      0.7382851839065552,
      0.37749993801116943,
      0.4030799865722656,
      0.08111453056335449,
      0.8750334978103638,
      0.10151827335357666,
      0.6072264909744263,
      0.18716657161712646
    ],
    "10": [
      0.42509472370147705,
      0.989859938621521,
      0.4424980878829956,
      0.6817549467086792,
      0.9180668592453003,
      0.5630816221237183,
      0.640164852142334,
      0.33382725715637207,
      0.5937138795852661,
      0.0035686492919921875,
      0.03228306770324707,
      0.40717601776123047,
      0.5158469676971436,
      0.7674967050552368,
      0.1553586721420288,
      0.6850939989089966,
      0.9098100662231445,
      0.6830776929855347,
      0.4678443670272827,
      0.6451555490493774,
      0.9831392765045166,
      0.37632930278778076,
      0.7093262672424316,
      0.9938209056854248,
      0.0002834796905517578,
      0.7251843214035034,
      0.4060173034667969,
      0.48239362239837646,
      0.9764832258224487,
      0.9485317468643188,
      0.48771631717681885
    ],
    "2": [
      0.9551995992660522,
      0.2624751329421997,
      0.482541561126709,
      0.8015789985656738,
      0.5736955404281616,
      0.4965451955795288,
      0.23914766311645508,
      0.33822715282440186,
      0.810792088508606,
      0.7682266235351563,
      0.2929419279098511,
      0.6627302169799805,
      0.5125715732574463,
      0.4917241334915161,
      0.627442479133606,
      0.14503729343414307,
      0.800045371055603,
      0.5181047916412354,
      0.632952094078064,
      0.08129465579986572,
      0.4218575954437256,
      0.15460193157196045,
      0.11133730411529541,
      0.7462012767791748,
      0.9471246004104614,
      0.05040907859802246,
      0.10253798961639404,
      0.4333916902542114,
      0.6355065107345581,
      0.42694079875946045,
      0.5592343807220459
    ],
    "3": [
      0.6343549489974976,
      0.23748934268951416,
      0.2114698886871338,
      0.9957281351089478,
      0.5107154846191406,
      0.9630987644195557,
      0.6838150024414063,
      0.1557636260986328,
      0.2604827880859375,
      0.7878011465072632,
      0.17857909202575684,
      0.9841333627700806,
      0.0212022066116333,
      0.8839133977890015,
      0.3750842809677124,
      0.32581472396850586,
      0.5856459140777588,
      0.10788393020629883,
      0.10490095615386963,
      0.8310344219207764,
      0.7718017101287842,
      0.41442620754241943,
      0.21015632152557373,
      0.4268496036529541,
      0.17092907428741455,
      0.4493253231048584,
      0.6015151739120483,
      0.0885934829711914,
      0.2674088478088379,
      0.21114122867584229,
      0.3017536401748657
    ],
    "4": [
      0.9131953716278076,
      0.8442392349243164,
      0.29864180088043213,
      0.3798520565032959,
      0.15966784954071045,
      0.7977406978607178,
      0.43077409267425537,
      0.5903089046478271,
      0.6166428327560425,
      0.38154518604278564,
      0.37474632263183594,
      0.6616863012313843,
      0.0030199289321899414,
      0.1922752857208252,
      0.5086078643798828,
      0.153802752494812,
      0.46851444244384766,
      0.33688127994537354,
      0.36400163173675537,
      0.8782931566238403,
      0.3983194828033447,
      0.965640664100647,
      0.7931845188140869,
      0.9011788368225098,
      0.055489182472229004,
      0.04463791847229004,
      0.9138281345367432,
      0.579833984375,
      0.10329949855804443,
      0.964185357093811,
      0.6755944490432739
    ],
    "5": [
      0.9648822546005249,
      0.5424128770828247,
      0.34094059467315674,
      0.4088655710220337,
      0.9948160648345947,
      0.5446228981018066,
      0.9691280126571655,
      0.9367690086364746,
      0.34967923164367676,
      0.029723405838012695,
      0.22407019138336182,
      0.20642399787902832,
      0.3425610065460205,
      0.3554435968399048,
      0.11698150634765625,
      0.6610695123672485,
      0.01705348491668701,
      0.5118279457092285,
      0.905312180519104,
      0.6144058704376221,
      0.07361054420471191,
      0.5905294418334961,
      0.5888710021972656,
      0.9196963310241699,
      0.18919730186462402,
      0.06825995445251465,
      0.532638669013977,
      0.08190155029296875,
      0.3479803800582886,
      0.8157370090484619,
      0.6364617347717285
    ],
    "7": [
      0.5018888711929321,
      0.5835027694702148,
      0.5202937126159668,
      0.9225732088088989,
      0.6323543787002563,
      0.306099534034729,
      0.7244179248809814,
      0.46034228801727295,
      0.06585657596588135,
      0.4435967206954956,
      0.4358028173446655,
      0.23179948329925537,
      0.22930192947387695,
      0.2662285566329956,
      0.6081218719482422,
      0.1407608985900879,
      0.48086702823638916,
      0.37750327587127686,
      0.0729910135269165,
      0.6797364950180054,
      0.08440077304840088,
      0.740930438041687,
      0.10985279083251953,
      0.5636953115463257,
      0.6502206325531006,
      0.5299410820007324,
      0.8256626129150391,
      0.13518333435058594,
      0.05255115032196045,
      0.3786158561706543,
      0.9180808067321777
    ],
    "8": [
      0.3412836790084839,
      0.8304990530014038,
      0.8019424676895142,
      0.545210599899292,
      0.6706869602203369,
      0.6942213773727417,
      0.2855879068374634,
      0.6124907732009888,
      0.35419654846191406,
      0.5193604230880737,
      0.04012894630432129,
      0.8849619626998901,
      0.6346055269241333,
      0.21414005756378174,
      0.5950342416763306,
      0.6799256801605225,
      0.7948306798934937,
      0.13932311534881592,
      0.7790248394012451,
      0.5237294435501099,
      0.5709433555603027,
      0.3630645275115967,
      0.18603336811065674,
      0.6464787721633911,
      0.41175687313079834,
      0.904308557510376,
      0.36041486263275146,
      0.025449514389038086,
      0.9841299057006836,
      0.1817711591720581,
      0.44064342975616455
    ],
    "9": [
      0.315315306186676,
      0.8380757570266724,
      0.9657673835754395,
      0.26465463638305664,
      0.5148959159851074,
      0.2967672348022461,
      0.014246940612792969,
      0.5745515823364258,
      0.9645243883132935,
      0.41853129863739014,
      0.046774983406066895,
      0.06395602226257324,
      0.44566357135772705,
      0.1163637638092041,
      0.20652878284454346,
      0.9177827835083008,
      0.40656113624572754,
      0.2942366600036621,
      0.03109157085418701,
      0.7585293054580688,
      0.42141783237457275,
      0.9303199052810669,
      0.9214479923248291,
      0.3324378728866577,
      0.7984809875488281,
      0.158486008644104,
      0.9913895130157471,
      0.887182354927063,
      0.9880706071853638,
      0.9046952724456787,
      0.519303560256958
    ]
  }
}
