{
  "cols": 31,
  "data": {
    "0": [
      0.3387714624404907,
      0.029888272285461426,
      0.3763577938079834,
      0.12076115608215332,
      0.5176064968109131,
      0.5565167665481567,
      0.3153045177459717,
      0.6869220733642578,
      0.5753220319747925,
      0.5361045598983765,
      0.38496291637420654,
      0.6331490278244019,
      0.26762962341308594,
      0.8257647752761841,
      0.43037188053131104,
      0.8286119699478149,
      0.8304650783538818,
      0.5269434452056885,
      0.35921430587768555,
      0.25901901721954346,
      0.07281529903411865,
      0.37796974182128906,
      0.5229436159133911,
      0.36820244789123535,
      0.49943864345550537,
      0.09192585945129395,
      0.7942620515823364,
      0.6791480779647827,
      0.32364606857299805,
      0.007960915565490723,
      0.9753453731536865
    ],
    "1": [
      0.10259091854095459,
      0.6695952415466309,
      0.4295051097869873,
      0.8035649061203003,
      0.4176589250564575,
      0.7260596752166748,
      0.11194860935211182,
      0.5181105136871338,
      0.45421767234802246,
      0.3171825408935547,
      0.5798368453979492,
      0.3952922821044922,
      0.3788563013076782,
      0.6179879903793335,
      0.046344757080078125,
      0.08617007732391357,
      0.20016860961914063,
      0.18770480155944824,
      0.36476778984069824,
      0.042323946952819824,
      0.6501429080963135,
      0.4572598934173584,
      0.06712460517883301,
      0.31223762035369873,
      0.5921618938446045,
      0.6540389060974121,
      0.45147860050201416,
      0.24739885330200195,
      0.8158915042877197,
      0.4187971353530884,
      0.09060883522033691
    ],
    "2": [
      0.49698710441589355,
      0.15969908237457275,
      0.6101688146591187,
      0.9146256446838379,
      0.12418723106384277,
      0.30480146408081055,
      0.248876690864563,
      0.5690808296203613,
      0.5639743804931641,
      0.8292046785354614,
      0.5976680517196655,
      0.05554699897766113,
      0.2097916603088379,
      0.563513994216919,
      0.2626049518585205,
      0.9126560688018799,
      0.6740832328796387,
      0.4434177875518799,
      0.14049875736236572,
      0.1742016077041626,
      0.8278392553329468,
      0.2196512222290039,
      0.6358382701873779,
      0.5258136987686157,
      0.41878557205200195,
      0.7626632452011108,
      0.05333971977233887,
      0.3891392946243286,
      0.08834588527679443,
      0.4602698087692261,
      0.536259651184082
    ],
    "3": [
      0.6508065462112427,
      0.2947511672973633,
      0.48037660121917725,
      0.09367883205413818,
      0.20928561687469482,
      0.21238434314727783,
      0.14701402187347412,
      0.1026313304901123,
      0.9560990333557129,
      0.8529548645019531,
      0.7090461254119873,
      0.32720887660980225,
      0.5745183229446411,
      0.11118721961975098,
      0.23947739601135254,
      0.5079382658004761,
      0.7218880653381348,
      0.9527972936630249,
      0.12265276908874512,
      0.8315412998199463,
      0.11598455905914307,
      0.4601283073425293,
      0.8478168249130249,
      0.5109148025512695,
      0.34181225299835205,
      0.0069582462310791016,
      0.2020273208618164,
      0.15503597259521484,
      0.6556593179702759,
      0.8087824583053589,
      0.6578600406646729
    ],
    "4": [
      0.31923866271972656,
      0.010963678359985352,
      0.9236280918121338,
      0.5499788522720337,
      0.2546290159225464,
      0.7299425601959229,
      0.5827407836914063,
      0.017770767211914063,
      0.679771900177002,
      0.23022055625915527,
      0.6581481695175171,
      0.1637258529663086,
      0.9764267206192017,
      0.4228624105453491,
      0.003978610038757324,
      0.4894446134567261,
      0.7034262418746948,
      0.19569778442382813,
      0.9984985589981079,
      0.7318753004074097,
      0.16090166568756104,
      0.7374591827392578,
      0.5795282125473022,
      0.8917429447174072,
      0.24721360206604004,
      0.648667573928833,
      0.3268810510635376,
      0.7200716733932495,
      0.09520900249481201,
      0.09440040588378906,
      0.27104294300079346
    ],
    "5": [
      0.934744119644165,
      0.2606929540634155,
      0.6034379005432129,
      0.811814546585083,
      0.8221615552902222,
      0.26012182235717773,
      0.38231074810028076,
      0.9958615303039551,
      0.18009042739868164,
      0.13329851627349854,
      0.753741979598999,
      0.18566441535949707,
      0.7520723342895508,
      0.7011080980300903,
      0.5538336038589478,
      0.8482835292816162,
      0.17345619201660156,
      0.1015087366104126,
      0.557267427444458,
      0.5668829679489136,
      0.26503586769104004,
      0.4398229122161865,
      0.2245103120803833,
      0.7969069480895996,
      0.6168242692947388,
      0.8368555307388306,
      0.9165394306182861,
      0.5934433937072754,
      0.7348431348800659,
      0.134873628616333,
      0.6035594940185547
    ],
    "6": [
      0.6631261110305786,
      0.8169138431549072,
      0.7344180345535278,
      0.08684134483337402,
      0.043556928634643555,
      0.0937114953994751,
      0.2176802158355713,
      0.21292471885681152,
      0.7641026973724365,
      0.44366538524627686,
      0.7863876819610596,
      0.32101118564605713,
      0.9419733285903931,
      0.8041532039642334,
      0.6252056360244751,
      0.8466761112213135,
      0.22832870483398438,
      0.6275173425674438,
      0.5276371240615845,
      0.49466121196746826,
      0.7524157762527466,
      0.9311846494674683,
      0.1152348518371582,
      0.5597454309463501,
      0.5373778343200684,
      0.5237718820571899,
      0.8292137384414673,
      0.7655518054962158,
      0.2425704002380371,
      0.1034538745880127,
      0.07545852661132813
    ],
    "7": [
      0.7628483772277832,
      0.7551372051239014,
      0.41180968284606934,
      0.5774037837982178,
      0.3488229513168335,
      0.3543301820755005,
      0.15700018405914307,
      0.6198862791061401,
      0.7314537763595581,
      0.41300225257873535,
      0.3724602460861206,
      0.48833954334259033,
      0.4035773277282715,
      0.9732517004013062,
      0.6810386180877686,
      0.5072461366653442,
      0.979799747467041,
      0.48073363304138184,
      0.7787172794342041,
      0.45885205268859863,
      0.7004354000091553,
      0.8624958992004395,
      0.8652374744415283,
      0.2657893896102905,
      0.4877924919128418,
      0.29906415939331055,
      0.06493902206420898,
      0.3188098669052124,
      0.23655200004577637,
      0.04964041709899902,
      0.4489552974700928
    ]
  }
}
