{
  "cols": 31,
  "data": {
    "0": [
      0.6685847043991089,
      0.8547154664993286,
      0.8817881345748901,
      0.09119319915771484,
      0.818515419960022,
      0.026250720024108887,
      0.4706815481185913,
      0.6514310836791992,
      0.8364431858062744,
      0.18056952953338623,
      0.16966664791107178,
      0.859054684638977,
      0.862320065498352,
      0.053615570068359375,
      0.7580983638763428,
      0.01741766929626465,
      0.8008171319961548,
      0.9501640796661377,
      0.7476481199264526,
      0.9281224012374878,
      0.05023372173309326,
      0.7275221347808838,
      0.48324859142303467,
      0.5974822044372559,
      0.1139059066772461,
      0.4039733409881592,
      0.3029569387435913,
      0.8490593433380127,
      0.9283215999603271,
      0.2475661039352417,
      0.6813035011291504
    ],
    "1": [
      0.016922831535339355,
      0.010093212127685547,
      0.6164731979370117,
      0.18771088123321533,
      0.46599435806274414,
      0.9561817646026611,
      0.6990834474563599,
      0.19688451290130615,
      0.7568109035491943,
      0.3334547281265259,
      0.23301231861114502,
      0.9655838012695313,
      0.3349989652633667,
      0.10859227180480957,
      0.25202369689941406,
      0.47671544551849365,
      0.43083512783050537,
      0.2233748435974121,
      0.5356162786483765,
      0.9781116247177124,
      0.8470031023025513,
      0.5173059701919556,
      0.9694689512252808,
      0.18934845924377441,
      0.021805167198181152,
      0.9822598695755005,
      0.27433061599731445,
      0.5435358285903931,
      0.5013427734375,
      0.03598678112030029,
      0.41883695125579834
    ],
    "10": [
      0.16177749633789063,
      0.21679699420928955,
      0.3053792715072632,
      0.8024266958236694,
      0.8391752243041992,
      0.5570333003997803,
      0.5592935085296631,
      0.793986439704895,
      0.8086663484573364,
      0.9508225917816162,
      0.26808464527130127,
      0.09467267990112305,
      0.666927695274353,
      0.9626433849334717,
      0.776456356048584,
      0.011496305465698242,
      0.6858911514282227,
      0.7388906478881836,
      0.4287867546081543,
      0.4345571994781494,
      0.45005977153778076,
      0.6801576614379883,
      0.5416965484619141,
      0.06777548789978027,
      0.413435697555542,
      0.7815307378768921,
      0.11810064315795898,
      0.11992478370666504,
      0.305769681930542,
      0.655593991279602,
      0.9960042238235474
    ],
    "2": [
      0.8637800216674805,
      0.030318140983581543,
      0.53719162940979,
      0.10614442825317383,
      0.6668978929519653,
      0.2869999408721924,
      0.30859804153442383,
      0.15540289878845215,
      0.08227741718292236,
      0.8122351169586182,
      0.13964402675628662,
      0.27459144592285156,
      0.7787457704544067,
      0.48193156719207764,
      0.17552101612091064,
      0.8042123317718506,
      0.4704170227050781,
      0.1839357614517212,
      0.5628969669342041,
      0.1011044979095459,
      0.576372504234314,
      0.6354814767837524,
      0.10484707355499268,
      0.9325511455535889,
      0.8923778533935547,
      0.43924808502197266,
      0.26094329357147217,
      0.9248055219650269,
      0.9357327222824097,
      0.6356276273727417,
      0.6639070510864258
    ],
    "3": [
      0.43674635887145996,
      0.8307771682739258,
      0.5834721326828003,
      0.5359561443328857,
      0.4843113422393799,
      0.8304247856140137,
      0.05373406410217285,
      0.22091245651245117,
      0.8656063079833984,
      0.5205559730529785,
      0.266168475151062,
      0.08842575550079346,
      0.7510303258895874,
      0.10388100147247314,
      0.1707170009613037,
      0.6969977617263794,
      0.45479822158813477,
      0.2901484966278076,
      0.17771649360656738,
      0.012121796607971191,
      0.8037550449371338,
      0.9245003461837769,
      0.8348410129547119,
      0.3411363363265991,
      0.5459632873535156,
      0.762474775314331,
      0.8695429563522339,
      0.23944413661956787,
      0.3606456518173218,
      0.5335606336593628,
      0.587375283241272
    ],
    "4": [
      0.34815943241119385,
      0.7837837934494019,
      0.44144144654273987,
      0.4864864945411682,
      0.7181817889213562,
      0.6000000238418579,
      0.9013106822967529,
      0.072727270424366,
      0.4864630699157715,
      0.08912062644958496,
      0.8504194021224976,
      0.7746037244796753,
      0.4582406282424927,
      0.5869789123535156,
      0.8719606399536133,
      0.13745558261871338,
      1.0,
      1.0,
      0.29919254779815674,
      0.24720394611358643,
      0.709250807762146,
      0.5709683895111084,
      0.346746563911438,
      0.46992242336273193,
      0.27508771419525146,
      0.5667127370834351,
      0.19144690036773682,
      0.5295923948287964,
      0.3710291385650635,
      0.6071692705154419,
      0.1870710849761963
    ]
  }
}
