{
  "cols": 31,
  "data": {
    "0": [
      0.06719374656677246,
      0.3146994113922119,
      0.7884947061538696,
      0.40550148487091064,
      0.012242555618286133,
      0.9741013050079346,
      0.7416212558746338,
      0.1982414722442627,
      0.7630729675292969,
      0.42639243602752686,
      0.5922427177429199,
      0.059015631675720215,
      0.5133816003799438,
      0.5882570743560791,
      0.035247087478637695,
      0.42258989810943604,
      0.6843879222869873,
      0.7176967859268188,
      0.5974746942520142,
      0.36036252975463867,
      0.3115227222442627,
      0.5550055503845215,
      0.8270018100738525,
      0.20755016803741455,
      0.16762375831604004,
      0.7287358045578003,
      0.025341033935546875,
      0.05349326133728027,
      0.42454755306243896,
      0.4257543087005615,
      0.5800185203552246
    ],
    "1": [
      0.9791494607925415,
      0.906109094619751,
      0.6384499073028564,
      0.1484893560409546,
      0.49918675422668457,
      0.8061599731445313,
      0.5765089988708496,
      0.669238805770874,
      0.8306971788406372,
      0.09750235080718994,
      0.7484586238861084,
      0.22559380531311035,
      0.4521970748901367,
      0.34148406982421875,
      0.35369718074798584,
      0.5077491998672485,
      0.6995395421981812,
      0.46411609649658203,
      0.20209908485412598,
      0.30469632148742676,
      0.9525171518325806,
      0.012398719787597656,
      0.33849334716796875,
      0.35533595085144043,
      0.3458822965621948,
      0.20568132400512695,
      0.9730726480484009,
      0.8269902467727661,
      0.5802747011184692,
      0.9560271501541138,
      0.5558096170425415
    ],
    "2": [
      0.5184804201126099,
      0.8322327136993408,
      0.6818897724151611,
      0.9198118448257446,
      0.9036542177200317,
      0.7799854278564453,
      0.023169636726379395,
      0.4308936595916748,
      0.44251537322998047,
      0.5177322626113892,
      0.5372496843338013,
      0.27518928050994873,
      0.7999559640884399,
      0.3761146068572998,
      0.5702043771743774,
      0.25787222385406494,
      0.7899101972579956,
      0.8145564794540405,
      0.4165228605270386,
      0.12509489059448242,
      0.8213361501693726,
      0.6258252859115601,
      0.004591464996337891,
      0.8538119792938232,
      0.16318273544311523,
      0.5206688642501831,
      0.2675590515136719,
      0.15761280059814453,
      0.8438619375228882,
      0.1573340892791748,
      0.5756455659866333
    ],
    "3": [
      0.166487455368042,
      0.036251068115234375,
      0.9312249422073364,
      0.1365267038345337,
      0.23491263389587402,
      0.4083559513092041,
      0.8371696472167969,
      0.8350147008895874,
      0.3357621431350708,
      0.664638876914978,
      0.8571650981903076,
      0.8072073459625244,
      0.01084446907043457,
      0.8147709369659424,
      0.66892409324646,
      0.5826785564422607,
      0.316630482673645,
      0.47449731826782227,
      0.8545095920562744,
      0.48695337772369385,
      0.15881681442260742,
      0.9722968339920044,
      0.7992134094238281,
      0.12098217010498047,
      0.35016798973083496,
      0.5823996067047119,
      0.5838536024093628,
      0.7989515066146851,
      0.7037560939788818,
      0.3265056610107422,
      0.1726675033569336
    ],
    "4": [
      0.175270676612854,
      0.8951582908630371,
      0.4226492643356323,
      0.6071780920028687,
      0.16453874111175537,
      0.43271946907043457,
      0.07977151870727539,
      0.07236051559448242,
      0.7414381504058838,
      0.24286234378814697,
      0.7269952297210693,
      0.3791548013687134,
      0.4694657325744629,
      0.06627058982849121,
      0.7607195377349854,
      0.6476885080337524,
      0.7534998655319214,
      0.3795437812805176,
      0.24908030033111572,
      0.12104177474975586,
      0.3868412971496582,
      0.418418288230896,
      0.9291477203369141,
      0.6648859977722168,
      0.888637900352478,
      0.007456302642822266,
      0.37796247005462646,
      0.7735347747802734,
      0.24993205070495605,
      0.8501300811767578,
      0.6461561918258667
    ],
    "5": [
      0.7095901966094971,
      0.20361053943634033,
      0.9583666324615479,
      0.17567682266235352,
      0.14107465744018555,
      0.763035774230957,
      0.9215468168258667,
      0.5786383152008057,
      0.3334110975265503,
      0.9961032867431641,
      0.06657660007476807,
      0.34104979038238525,
      0.574532151222229,
      0.6818628311157227,
      0.9793896675109863,
      0.6241461038589478,
      0.48168158531188965,
      0.06515932083129883,
      0.538689374923706,
      0.7519783973693848,
      0.3390228748321533,
      0.13883590698242188,
      0.3317180871963501,
      0.2037205696105957,
      0.8759050369262695,
      0.35076653957366943,
      0.729523777961731,
      0.6761163473129272,
      0.5920860767364502,
      0.9450775384902954,
      0.6395909786224365
    ],
    "6": [
      0.36205995082855225,
      0.21961581707000732,
      0.8668230772018433,
      0.14415299892425537,
      0.753434419631958,
      0.9881694316864014,
      0.6518267393112183,
      0.5097815990447998,
      0.26330769062042236,
      0.6954575777053833,
      0.12556493282318115,
      0.6028542518615723,
      0.5492721796035767,
      0.2964928150177002,
      0.930942177772522,
      0.19298207759857178,
      0.5084234476089478,
      0.18637466430664063,
      0.7547718286514282,
      0.43969476222991943,
      0.9945917129516602,
      0.3039121627807617,
      0.8874340057373047,
      0.3863147497177124,
      0.09339380264282227,
      0.9823395013809204,
      0.35974621772766113,
      0.9732979536056519,
      0.5713683366775513,
      0.7203032970428467,
      0.20400011539459229
    ],
    "7": [
      0.5829280614852905,
      0.00647580623626709,
      0.30045390129089355,
      0.5434979200363159,
      0.12703227996826172,
      0.19075870513916016,
      0.4595069885253906,
      0.8049948215484619,
      0.8320192098617554,
      0.6056536436080933,
      0.8056920766830444,
      0.7336241006851196,
      0.789139986038208,
      0.15517818927764893,
      0.3845643997192383,
      0.7516152858734131,
      0.07492804527282715,
      0.43429994583129883,
      0.5007443428039551,
      0.8035640716552734,
      0.18958187103271484,
      0.024562358856201172,
      0.17720556259155273,
      0.32466113567352295,
      0.8262991905212402,
      0.7935194969177246,
      0.19366097450256348,
      0.7177143096923828,
      0.07392418384552002,
      0.331737756729126,
      0.6610873937606812
    ]
  }
}
