{
  "cols": 31,
  "data": {
    "1": [
      0.7431337833404541,
      0.6029146909713745,
      0.25273406505584717,
      0.9298242330551147,
      0.45921170711517334,
      0.8248205184936523,
      0.6664427518844604,
      0.3671729564666748,
      0.9486740827560425,
      0.7969387769699097,
      0.6647899150848389,
      0.665132999420166,
      0.9396011829376221,
      0.0855104923248291,
      0.8428845405578613,
      0.5867089033126831,
      0.22326898574829102,
      0.9350996017456055,
      0.43163561820983887,
      0.9494665861129761,
      0.9990743398666382,
      0.03053867816925049,
      0.47252321243286133,
      0.7912395000457764,
      0.6796399354934692,
      0.988461971282959,
      0.7833364009857178,
      0.25260818004608154,
      0.09607374668121338,
      0.3652604818344116,
      0.1268293857574463
    ],
    "10": [
      0.2522522509098053,
      0.684684693813324,
      0.8841021060943604,
      0.4629415273666382,
      0.6468031406402588,
      0.8999999761581421,
      0.25569677352905273,
      0.7636363506317139,
      0.00016582012176513672,
      0.5077803134918213,
      0.9088379144668579,
      0.9272727370262146,
      0.3482142984867096,
      0.33469951152801514,
      0.713467001914978,
      0.9775722026824951,
      0.5562915802001953,
      0.20424258708953857,
      0.8880038261413574,
      0.26028013229370117,
      0.8240554332733154,
      0.6073915958404541,
      0.11314201354980469,
      0.49372053146362305,
      0.3579378128051758,
      0.7537636756896973,
      0.21192026138305664,
      0.5622098445892334,
      0.4632222652435303,
      0.3689814805984497,
      0.2831566333770752
    ],
    "2": [
      0.14578652381896973,
      0.4596214294433594,
      0.7979047298431396,
      0.44735658168792725,
      0.023383736610412598,
      0.5966581106185913,
      0.3253507614135742,
      0.4268364906311035,
      0.8362566232681274,
      0.42115306854248047,
      0.08729636669158936,
      0.6859934329986572,
      0.919225811958313,
      0.5006426572799683,
      0.06736397743225098,
      0.27756738662719727,
      0.5626981258392334,
      0.856490969657898,
      0.8966543674468994,
      0.21623170375823975,
      0.6878725290298462,
      0.0012440681457519531,
      0.600069522857666,
      0.3061765432357788,
      0.27299439907073975,
      0.370894193649292,
      0.6262288093566895,
      0.8816101551055908,
      0.3639281988143921,
      0.41778135299682617,
      0.009543895721435547
    ],
    "3": [
      0.4272744655609131,
      0.9304516315460205,
      0.6021051406860352,
      0.73253333568573,
      0.08758425712585449,
      0.002003788948059082,
      0.764961838722229,
      0.8758667707443237,
      0.1209479570388794,
      0.3566247224807739,
      0.6697684526443481,
      0.1226428747177124,
      0.5825175046920776,
      0.09324169158935547,
      0.8577873706817627,
      0.34627866744995117,
      0.43718957901000977,
      0.7718380689620972,
      0.4602963924407959,
      0.6876177787780762,
      0.3283357620239258,
      0.898861289024353,
      0.827301025390625,
      0.48090052604675293,
      0.12438809871673584,
      0.8957583904266357,
      0.35955214500427246,
      0.596382737159729,
      0.7596495151519775,
      0.5789577960968018,
      0.6350795030593872
    ],
    "4": [
      0.6223561763763428,
      0.9312317371368408,
      0.24895548820495605,
      0.1619884967803955,
      0.7839645147323608,
      0.6106535196304321,
      0.824228048324585,
      0.3383976221084595,
      0.6120628118515015,
      0.9638303518295288,
      0.13710355758666992,
      0.5572781562805176,
      0.34358012676239014,
      0.8830422163009644,
      0.20667099952697754,
      0.999737024307251,
      0.5213282108306885,
      0.006453871726989746,
      0.3858543634414673,
      0.5489697456359863,
      0.4615744352340698,
      0.8535329103469849,
      0.1304607391357422,
      0.04227626323699951,
      0.8568054437637329,
      0.8834786415100098,
      0.6949325799942017,
      0.741574764251709,
      0.09212970733642578,
      0.11424016952514648,
      0.4420257806777954
    ],
    "5": [
      0.34107446670532227,
      0.48276281356811523,
      0.8625603914260864,
      0.47410130500793457,
      0.3358650207519531,
      0.4113454818725586,
      0.09095525741577148,
      0.08877873420715332,
      0.6725187301635742,
      0.21226763725280762,
      0.10822415351867676,
      0.28928685188293457,
      0.751562237739563,
      0.08336424827575684,
      0.5543315410614014,
      0.5555437803268433,
      0.22721922397613525,
      0.36484599113464355,
      0.14243733882904053,
      0.13579416275024414,
      0.12071883678436279,
      0.4060099124908447,
      0.7237948179244995,
      0.7592775821685791,
      0.8570362329483032,
      0.14198613166809082,
      0.26856720447540283,
      0.1348133087158203,
      0.9019286632537842,
      0.7192164659500122,
      0.19553768634796143
    ],
    "8": [
      0.5315315127372742,
      0.46312153339385986,
      0.8619066476821899,
      0.3098798990249634,
      0.4287928342819214,
      0.9272727370262146,
      0.19090908765792847,
      0.7599996328353882,
      0.8958923816680908,
      0.5045139789581299,
      0.869524359703064,
      0.7638883590698242,
      0.059734225273132324,
      0.1283550262451172,
      0.8932174444198608,
      0.5591771602630615,
      0.9070711135864258,
      0.9857898950576782,
      0.8719402551651001,
      0.32817578315734863,
      0.9120711088180542,
      0.8608012199401855,
      0.4827578067779541,
      0.4135957956314087,
      0.4188474416732788,
      0.837272047996521,
      0.0312962532043457,
      0.33894622325897217,
      0.09194087982177734,
      0.43749701976776123,
      0.0880962610244751
    ],
    "9": [
      0.7297297120094299,
      0.8931550979614258,
      0.25493156909942627,
      0.5795073509216309,
      0.7373530864715576,
      0.7752679586410522,
      0.47507572174072266,
      0.7545454502105713,
      0.9059160947799683,
      0.14666235446929932,
      0.6380846500396729,
      0.1283869743347168,
      0.2528805732727051,
      0.13696038722991943,
      0.19379472732543945,
      0.3836934566497803,
      0.15699100494384766,
      0.12101495265960693,
      0.8866376876831055,
      0.26213395595550537,
      0.9818012714385986,
      0.17188382148742676,
      0.4002927541732788,
      0.5534771680831909,
      0.8064690828323364,
      0.896731972694397,
      0.32562029361724854,
      0.9049265384674072,
      0.31385934352874756,
      0.8554438352584839,
      0.17914557456970215
    ]
  }
}
